Account,Name,Company,Manager,Product,Quantity,Price
383834,Izaak Tattersall,"Bahringer, Balistreri and Dickens",Gloria Osbaldeston,Pork - Ham Hocks - Smoked,1,$453.55
656536,Enoch Nasey,Feeney-Aufderhar,Johnny Pearde,Wine - Chenin Blanc K.w.v.,2,$760.73
627574,Clifford Dursley,Moen Inc,Earle Geaney,Raisin - Golden,3,$320.12
707250,Peta Juliff,Pacocha and Sons,Paloma Sheavills,Carbonated Water - Raspberry,4,$132.22
532894,Shaina Estick,Block LLC,Giovanni Schwier,Steampan Lid,5,$520.72
088132,Dodie Wellard,Bergstrom and Sons,Tymon Yankin,Wine - Soave Folonari,6,$518.54
397049,Herta Martineau,Satterfield-Berge,Melisent Chrystal,Buffalo - Tenderloin,7,$320.36
601503,Brandice Service,Dibbert LLC,Vittorio Rylatt,Mushroom - Porcini Frozen,8,$415.37
534335,Any Abbott,"Rohan, Armstrong and Bernhard",Dionne McDill,Galliano,9,$323.32
928030,Chevy Child,Bradtke Inc,Gianna Poker,"Wine - White, Schroder And Schyl",10,$230.36
950607,Damiano Bletso,Casper-Schaefer,Jsandye Amiable,Bacardi Breezer - Strawberry,11,$474.60
782171,Lannie Slayton,Collier and Sons,Isabella Downie,Beef - Ground Lean Fresh,12,$172.84
480977,Terri-jo Fitch,Moore-Grant,Sonny Zamudio,Bagel - Everything Presliced,13,$719.34
964703,Halley O'Shesnan,"Dietrich, Leannon and Ziemann",Ardisj Buttner,"Tray - Foam, Square 4 - S",14,$528.40
791146,Cindelyn Ferreres,"Nitzsche, Raynor and Romaguera",Harcourt Gegg,Lamb - Ground,15,$756.63
561793,Tait Cadwallader,Lebsack LLC,Rooney Avramovitz,Burger Veggie,16,$228.14
458833,Dorisa Abrahamowitcz,Kemmer Group,Sergeant Ripper,Chicken Giblets,17,$919.53
981044,Goldie Rogge,"Torphy, Gleichner and Eichmann",Dniren Bennion,Ecolab - Balanced Fusion,18,$361.83
112210,Zaccaria Tureville,"Von, Schuster and Yost",Ealasaid Troman,Coffee - 10oz Cup 92961,19,$248.80
516194,Danny Kenworthey,Bernier-Homenick,Meyer Francino,Nescafe - Frothy French Vanilla,20,$201.47
897239,Anya Morgon,Considine-Gottlieb,Mattheus Kirby,Pie Shells 10,21,$38.39
467201,Patti Lounds,O'Reilly Inc,Mohandas Plewes,Durian Fruit,22,$690.02
557947,Geri Allsebrook,Ruecker-Kub,Paten Gerrens,Cabbage - Savoy,23,$136.24
223219,Barnabe Canceller,Cremin-Pollich,Abbe Curnnokk,Versatainer Nc - 888,24,$867.87
923774,Quentin Torrie,Gibson-Shields,Annabella Zoanetti,"Bread - White, Unsliced",25,$949.01
174047,Devina MacAdam,McKenzie-Roberts,Tanner Borwick,Soup - Campbells Bean Medley,26,$109.03
939582,Elyn Macia,Doyle and Sons,Charla Torricella,Sauce - Fish 25 Ozf Bottle,27,$19.77
308766,Brnaby Sadry,Streich-Littel,Hedwiga Godding,Longos - Chicken Cordon Bleu,28,$412.00
574789,Alexa Cornish,Gottlieb-Kilback,Glad Worboys,Soup - Campbells Beef Stew,29,$716.74
261844,Cele De Pero,Reichel-Ondricka,Sebastien Smerdon,Ezy Change Mophandle,30,$97.29
449608,Annamarie Jaqueme,Pfannerstill-Lind,Osborn Seldner,Sauce - Sesame Thai Dressing,31,$700.68
808266,Martynne Davidde,Moen Inc,Jarad Bills,Bar - Granola Trail Mix Fruit Nut,32,$614.25
337083,Brett Desouza,"Prohaska, Kozey and Kuhn",Alida Marven,Icecream Cone - Areo Chocolate,33,$962.25
314745,Kayne Gussin,"Reilly, Streich and Denesik",Joy Stutely,Mikes Hard Lemonade,34,$664.99
679269,Yorke Willcock,"Boyer, Bernier and Swift",Ninnetta Bashford,Beef - Striploin Aa,35,$115.36
843750,Bailie Gilardi,Pfannerstill-Sporer,Melba Jindra,Pie Filling - Cherry,36,$347.95
281698,Bree Duley,"Kessler, Shanahan and Daugherty",Margaret Kerbey,Wonton Wrappers,37,$422.64
796622,Mimi Busst,Kihn-Dibbert,Norbie Tooher,Soup - Campbells Tomato Ravioli,38,$353.96
050174,Sutherland Grayshan,Blick-Maggio,Rickie Schapiro,Plums - Red,39,$221.59
797363,Kellina Chivers,"Hilll, Wolff and Rippin",Mina Brandts,"Ham - Smoked, Bone - In",40,$491.67
924978,Theda Bramley,Huel-Donnelly,Abby Heilds,Wine - Barolo Fontanafredda,41,$23.77
819981,Krista Beckingham,Ledner-Wiza,Freda Shalders,Lychee,42,$294.77
206006,Abe Reddie,Kemmer-Skiles,Quinlan Drei,Fruit Mix - Light,43,$93.68
282939,Isac Comiam,Gutmann-Klocko,Winnifred Skippen,Steam Pan Full Lid,44,$43.66
147102,Reynolds Lampet,Dare-Osinski,Goraud Wheatland,"Lemonade - Island Tea, 591 Ml",45,$747.66
213171,Keefe Reuter,Zemlak-Kulas,Gayla Banbury,Flour - Whole Wheat,46,$422.90
337208,Gayle Oven,Sipes LLC,Mercedes Burland,Cookie - Oreo 100x2,47,$990.95
644393,Carroll Matuschek,"Spencer, Balistreri and Collier",Philippe Tredinnick,Paper - Brown Paper Mini Cups,48,$455.75
157082,Lucretia Quimby,Wuckert-Homenick,Fanchette Koche,"Wine - White, Colubia Cresh",49,$700.20
420985,Lindsy Prescot,Ortiz Group,Kristina Floweth,Tandoori Curry Paste,50,$580.89
701000,Paola McDugal,Dibbert-Connelly,Angelle Forrestor,Trout - Smoked,51,$835.02
767524,Aurora Sessuns,"Funk, Muller and Dach",Hans Hulson,Guava,52,$359.17
977901,Merell Tabourin,Bechtelar-Lueilwitz,Sigfried Kynett,Island Oasis - Raspberry,53,$943.85
658467,Alfi Waddy,Davis Inc,Gwennie Bartos,Veal - Kidney,54,$628.74
093140,Verine Lourens,Kuhic Group,Whittaker Cotherill,Bread - Dark Rye,55,$410.38
236134,De Treffrey,Abshire LLC,Lottie Halley,Cookie - Oreo 100x2,56,$513.53
003955,Neille Samson,"Block, Bins and Weissnat",Pernell Chappel,Lamb Shoulder Boneless Nz,57,$469.14
336973,Lyda Denver,"Klocko, Walsh and Schmeler",Lionel Clempton,"Doilies - 8, Paper",58,$396.07
914868,Jenn Clemenceau,Douglas and Sons,Francoise Petrak,Trueblue - Blueberry Cranberry,59,$984.33
862607,Ravid Sympson,Balistreri-Schuppe,Bianca Whiffin,Shiratamako - Rice Flour,60,$204.87
613717,Lee Fayer,Gulgowski and Sons,Towny Lewin,Red Currants,61,$211.76
959864,Cristi Ormonde,Davis-Boyle,Carolyne Doig,Wine - Gato Negro Cabernet,62,$72.34
686915,Neda Shilladay,"Brakus, Muller and Ziemann",Joana Prowse,Wine - Piper Heidsieck Brut,63,$756.27
891418,Neville Mosdell,Schmidt Group,Steve Clewett,Pepper - Green Thai,64,$829.13
682516,Alard Mate,Gorczany-Torp,Clemmie Oatley,Cheese - Mascarpone,65,$572.69
509606,Lawry Puddifer,Mann Inc,Inness Fass,Breadfruit,66,$790.58
921470,Beth Vowden,Schaefer-Fadel,Remington Stedman,Milk - 2%,67,$691.61
429756,Alexandros Schuler,Champlin-McLaughlin,Birgit Jozsef,Coffee - Ristretto Coffee Capsule,68,$586.26
508433,Lucienne McGarry,Smith Group,Rosetta Nicklin,Ice Cream - Life Savers,69,$547.84
169700,Donalt Mocker,McDermott-Considine,Dorris Elcomb,Apples - Spartan,70,$672.10
145255,Latia McGilroy,"Bashirian, Feest and Larkin",Marquita Grocutt,Broom - Corn,71,$844.33
387640,Caterina Suche,"Kautzer, Fadel and Schoen",Cathrin Berends,"Lamb - Pieces, Diced",72,$452.89
352484,Sarajane Pendreigh,Mitchell LLC,Sigrid Banner,Chocolate - Liqueur Cups With Foil,73,$742.29
821513,Albina Dorman,Kuphal and Sons,Isis Virgoe,"Oil - Truffle, White",74,$269.07
647015,Abbey Duckhouse,Waelchi-Murphy,Isabelita Sprulls,Cleaner - Bleach,75,$623.59
462903,Anderea Swanton,"Nikolaus, Satterfield and Sipes",Lonee Dallinder,Spinach - Baby,76,$115.05
695420,Jorry Grebner,Rodriguez-Beier,Joel Vickerman,Wine - Tio Pepe Sherry Fino,77,$600.57
554613,Gonzales Hurry,Keebler-Brown,Thurston Tolan,Pork - Smoked Kassler,78,$355.29
044864,Malinde Brocks,Lind Inc,Lurleen Ockwell,Crackers - Soda / Saltins,79,$885.89
919062,Lindsey Done,Deckow-Nikolaus,Vanni Udey,Juice - Orange,80,$587.21
900079,Ellwood Spellissy,West and Sons,Thorsten Jearum,Barramundi,81,$65.42
039961,Jeffie Edmunds,Bednar-Leuschke,Valene Agius,Chickhen - Chicken Phyllo,82,$928.95
051000,Abby Cejka,"Bradtke, Crooks and Torp",Ogden Nilges,Bread - Hamburger Buns,83,$912.97
880732,Ashton Higounet,Huels LLC,Lurlene Fateley,Cheese - Bocconcini,84,$214.06
840617,Bern Weitzel,Zieme-Lindgren,Delinda Touzey,Oven Mitts - 15 Inch,85,$406.84
886637,Findley Crank,"Upton, Schaefer and Deckow",Gregoor Learman,"Pasta - Bauletti, Chicken White",86,$148.77
033780,Ashely Ellerey,"Balistreri, Hamill and Vandervort",Shellysheldon Knott,Ginger - Ground,87,$501.25
750804,Cooper Gavan,"McGlynn, Bayer and Wehner",Shelby Ludman,"Salmon - Atlantic, Skin On",88,$139.85
099165,Kelila Mariaud,Schaefer Group,Jarvis Stiles,Pepper - Chilli Seeds Mild,89,$723.97
860602,Caron Straniero,O'Conner-Kassulke,Barbie Demann,"Fish - Soup Base, Bouillon",90,$834.36
994436,Waldemar Seckom,Koch-Boyle,Mei Curteis,"Pepsi, 355 Ml",91,$831.88
168123,Leesa Scawen,Fisher-Goodwin,Carissa Tunder,Pate - Cognac,92,$598.89
079739,Anestassia Shepton,Runolfsson and Sons,Hilly Barsham,"Beef - Chuck, Boneless",93,$147.02
470304,Cosette MacRorie,"Bashirian, Kulas and Ferry",Tate Greenig,Iced Tea Concentrate,94,$704.04
410521,Louise Tyrie,Crona-Lemke,Deedee Praton,Sauce Bbq Smokey,95,$107.38
729559,Kin Hayesman,Kuhic-Kautzer,Floris Youde,Silicone Paper 16.5x24,96,$567.20
975900,Jefferson Splevins,"Lemke, Swaniawski and Collins",Dulce Clash,"Juice - Clamato, 341 Ml",97,$399.23
786969,Kevin Alvarado,Bailey-Padberg,Seymour Obin,Wine - Semi Dry Riesling Vineland,98,$266.42
970974,Garey Kunrad,"Lowe, Huels and Rau",Marylinda Bellow,Pizza Pizza Dough,99,$889.87
530467,Nessi Wiley,Nienow-Barrows,Ricky Caddell,Beef - Shank,100,$834.22
282464,Gallagher Falco,Wolff-Stanton,Idalina Etteridge,Cheese - Gouda Smoked,101,$733.67
805440,Craggie Wennington,"Stokes, Mante and Shields",Caterina Brychan,Wine - Prosecco Valdobiaddene,102,$440.10
611454,Jeanine Sollars,Ziemann Inc,Rivi Lindblad,Iced Tea Concentrate,103,$71.72
001673,Ky Duplan,Sawayn Group,Amargo Truesdale,Wine - Mondavi Coastal Private,104,$830.31
978538,Erinna Penny,Yost Inc,Aleda Sellan,Soup Campbells Mexicali Tortilla,105,$870.19
801183,Hodge Healings,"Connelly, McDermott and Kuhlman",Flory Reddell,Soup - Campbells - Chicken Noodle,106,$906.05
598410,Noell Risebarer,Zboncak-Dach,Elsey MacCome,Eggs - Extra Large,107,$311.14
186373,Elene MacKereth,"Cremin, Feil and Jerde",Bobette Szymanski,"Pasta - Lasagna, Dry",108,$932.52
988241,Lori Tuplin,Jast Inc,Etta Polk,Tomatillo,109,$728.44
797034,Ted Le Blond,"Cremin, King and Leffler",Dewie Smittoune,Compound - Mocha,110,$107.27
941826,Juanita Blyde,McKenzie-Labadie,Kaylyn Scorah,"Soup - Beef, Base Mix",111,$454.11
750934,Skippie Anespie,Hartmann-Klein,Marlie Watmore,Veal - Liver,112,$171.55
180536,Raeann Penquet,Boyer-Cummings,Harmonia Scotson,"Salsify, Organic",113,$58.05
974356,Elbertine Blasio,Pollich Group,Ellis Tisor,Muffin Puck Ww Carrot,114,$274.04
226831,Lloyd Milham,"Jacobs, Koelpin and Hodkiewicz",Carine Dillingstone,Wine - George Duboeuf Rose,115,$231.66
219244,Karly Tumpane,"Nicolas, Bechtelar and VonRueden",Bryan McInnery,Samosa - Veg,116,$474.53
526133,Evita Cholonin,Satterfield-Brakus,Alexandrina Khomishin,Cheese - Cheddarsliced,117,$806.72
838402,Jilli Furst,Lebsack-Cronin,Micaela Branchet,Pastry - French Mini Assorted,118,$784.47
716294,Rycca Whittuck,Conroy Inc,Alonso Matis,Cheese Cheddar Processed,119,$778.36
801952,Malinde Mattedi,Lindgren Inc,Stanislaus Kenworthy,"Roe - Lump Fish, Red",120,$857.97
851860,Mechelle Holah,Heidenreich Group,Heather Elmer,Cookie Dough - Chocolate Chip,121,$119.41
934280,Chloe Guinane,"Marquardt, McClure and Beahan",Robbert O'Meara,"Juice - Grape, White",122,$569.80
428288,Aurea Johannesson,Corwin Group,Amalie Townend,"Pepper - Black, Ground",123,$978.48
934809,Tito Hynes,"Schuster, Runolfsson and Mohr",Arch Leftridge,"Roe - Lump Fish, Red",124,$977.29
570336,Ripley Sarch,Luettgen-Anderson,Karmen Verner,"Chocolate - Milk, Callets",125,$7.73
486162,Kristofor Etty,"Walter, Rippin and Johnson",Daile Merkle,Lobster - Cooked,126,$326.34
282437,Isidora Attenborrow,"Macejkovic, Collier and Lehner",Junette Nutten,Ecolab - Hobart Upr Prewash Arm,127,$340.31
525648,Bruce Filippazzo,"Cronin, Schamberger and Rice",Madge Cumbers,Straw - Regular,128,$812.66
166337,Demetra Ciccottini,"Hauck, Cartwright and Nikolaus",Laurette Lawful,Leeks - Large,129,$226.09
581914,Cindy Trimble,Balistreri and Sons,Valdemar Wisniewski,Bread Base - Toscano,130,$241.97
892621,Garfield Gallier,Batz-Nolan,Balduin Slyde,Petit Baguette,131,$584.59
523667,Bartlett Ulyat,Brekke Inc,Nance Hedgeman,"Beets - Candy Cane, Organic",132,$797.01
697990,Merralee Velden,Grady LLC,Myrlene Childs,Muffin Mix - Blueberry,133,$859.98
320957,Gar Remmer,Simonis-Dickinson,Montague Drake,Chicken - Livers,134,$366.15
940098,Thebault Toor,Hickle Inc,Cindee Aldwick,Muffin Batt - Blueberry Passion,135,$880.78
561049,Gherardo Friedenbach,Jacobs-Koss,Yvette Itzcovich,Sprouts - China Rose,136,$233.78
613683,Rad Likely,"Heidenreich, Langosh and Jerde",Elaine Hegarty,Beer - Blue Light,137,$609.39
375312,Jaymee Savill,Terry-Abbott,Alena Catonne,Beef - Ground Medium,138,$973.43
742746,Imogen Occleshaw,Schoen-Goodwin,Francoise Niccolls,"Pepper - Black, Whole",139,$546.30
884902,Zeb Holdin,Homenick-Nitzsche,Giselle McKaile,Skirt - 24 Foot,140,$645.78
691417,Nester Matushevich,O'Hara-Rohan,Clio Chislett,"Lamb - Leg, Diced",141,$451.65
328363,Khalil Ogden,"Kling, Murazik and Ward",Felipa Roxbee,Corn Syrup,142,$94.72
148813,Candace Kenningham,Mosciski-Rice,Bogart Kemwall,Duck - Fat,143,$765.86
868270,Pooh Tevelov,Stark-Gulgowski,Aretha Mackerness,Berry Brulee,144,$503.96
853437,Andy Swarbrigg,Blanda-Klocko,Reagan Maliphant,Soupfoamcont12oz 112con,145,$10.04
160833,Magda Tacey,"Ernser, Runte and Prohaska",Willetta Conyers,Orange Roughy 4/6 Oz,146,$764.11
958265,Cornie Buscombe,"McDermott, Schaefer and Ward",Amby Trustie,Sprouts - Pea,147,$436.26
859211,Winston Ruperto,Schuppe-Quitzon,Pauly Kynman,"Chilli Paste, Ginger Garlic",148,$482.26
712793,Mose Soares,Klein-Simonis,Rhoda Cremins,Butter - Salted,149,$684.50
135064,Vere Organer,"Kemmer, Stamm and Reilly",Cosetta Bensusan,Zucchini - Yellow,150,$338.39
125784,Codie Tarpey,"Spinka, Watsica and Wuckert",Fraze Wheatley,Papadam,151,$267.50
670628,Wren Simpole,"Hackett, Rath and Hermann",Juline Cursons,True - Vue Containers,152,$698.35
817992,Ware Bartol,Bogan-Hills,Lenard Woodsford,Wine - Chablis J Moreau Et Fils,153,$933.10
170926,Sashenka Behnecke,"Hand, Witting and Sauer",Aurelea Cockayme,Table Cloth 54x54 White,154,$585.37
861064,Shaun Borrow,Roberts-Murphy,Calv Fysh,Bread Ww Cluster,155,$707.00
790453,Tine Shann,Fisher-Carroll,Xylina Curmi,Flower - Commercial Bronze,156,$607.55
783839,Sonnie Grady,Jacobi-Crona,Corette Ringsell,Veal - Striploin,157,$571.55
078493,Anet Macauley,Borer LLC,Alexine Millen,Chicken - Base,158,$643.64
130698,Ariadne Fallon,Lakin-Torp,Nari Swain,Tea - Grapefruit Green Tea,159,$484.96
036101,Kiel McCart,Stoltenberg Inc,Spike Linggard,"Beans - Long, Chinese",160,$888.32
837200,Stacey Grzesiak,"Koepp, Orn and Osinski",Job Rubinow,Plastic Wrap,161,$293.90
564229,Nollie Banks,"Hintz, Yundt and Hoppe",Camille Gerler,Salad Dressing,162,$375.66
021105,Hillard Febry,Veum-McClure,Tracy Abbe,Cactus Pads,163,$762.10
642983,Rafaelia Fatkin,Krajcik and Sons,Mathew Everest,Oil - Peanut,164,$928.24
039539,Rudolfo Pinckney,"Franecki, Yundt and Nitzsche",Chariot Pfeffer,Lettuce - Baby Salad Greens,165,$708.73
458949,Toiboid Eliasson,O'Kon-Mann,Mackenzie Tower,"Pasta - Gnocchi, Potato",166,$240.69
681347,Vanessa Campsall,"Mohr, Jakubowski and Beer",Karmen Banks,Flavouring - Orange,167,$773.23
317997,Darby Doick,Trantow and Sons,Alis Vaughn,Lobster - Cooked,168,$810.28
533973,Cybill O'Brollachain,"McDermott, Weissnat and Lindgren",Cherye Aulds,Corn - On The Cob,169,$23.44
901299,Elbertina Machan,"Cartwright, Stokes and Boyer",Merralee Bullimore,Milk - 2% 250 Ml,170,$821.56
676367,Bobette Millins,"Harris, Spencer and Boyer",Aldric Ansett,Wine - Crozes Hermitage E.,171,$385.69
929784,Silvio Huggard,"Barton, Beier and Hudson",Happy Biddlestone,Ostrich - Prime Cut,172,$776.44
089635,Cameron Swansborough,Robel-Aufderhar,Caroline Knightsbridge,Puree - Guava,173,$496.06
724799,Ulrika Avey,"Rohan, Rodriguez and Wyman",Anabelle Wrightson,Tomatoes - Cherry,174,$570.08
519000,Breanne Fewell,"Kuhn, Mills and Schowalter",Frederigo Bartolomucci,Tea - Vanilla Chai,175,$422.09
486324,Dorothea Buckthorpe,"Streich, Bartell and Terry",Kliment Huff,Gatorade - Fruit Punch,176,$373.50
888351,Claudius Castagnaro,Effertz and Sons,Alix Gatland,Napkin White,177,$585.81
844992,Mitch Phoenix,Mante and Sons,Susana Canto,Bread Ww Cluster,178,$679.38
465765,Bradan Atte-Stone,"Hilpert, Spencer and Hessel",Jyoti Hutchcraft,Filling - Mince Meat,179,$484.70
862223,Lothario Trewett,Crona Inc,Fergus Edkins,Duck - Fat,180,$142.67
598684,Briant Churchman,Balistreri-Zulauf,Barby Galland,"Bread - Rolls, Rye",181,$558.67
958738,Chrissy Rembaud,Monahan and Sons,Brunhilde Wharfe,"Chestnuts - Whole,canned",182,$513.03
413815,Rosemonde Gillott,Schinner Group,Concordia Youell,"Cherries - Bing, Canned",183,$364.23
251984,Ilene Rosengart,Schuster Inc,Donnell Durban,Oregano - Fresh,184,$364.68
294076,Valentijn Pendrill,"King, Kling and Ledner",Billi Losseljong,Fruit Mix - Light,185,$355.63
922232,Goldina Newlan,Fay-Oberbrunner,Celestyna Stidston,Sprite - 355 Ml,186,$869.46
037172,Fionnula Merwe,Ledner LLC,Ernesta Oswick,Soup - Campbells Mushroom,187,$0.48
932877,Bonnee Presman,Kovacek and Sons,Bear Sorby,Butter Sweet,188,$850.70
807571,Cullin Tesdale,"Eichmann, Barrows and Nienow",Deane Luipold,Macaroons - Two Bite Choc,189,$513.82
046508,Dayna Attiwill,Mertz-Marquardt,Lexis Wynett,Pepper - Green,190,$916.04
273407,Dody Cogle,Ledner-Walter,Jobi Pitt,Cheese - Augre Des Champs,191,$728.94
888092,Curr Wandrey,Spinka and Sons,Claire Quantrell,Cucumber - Pickling Ontario,192,$839.43
886062,Peter Axston,Hackett Inc,Edgar Trenfield,Bread Foccacia Whole,193,$838.16
434087,Curt Eddleston,Hoeger Inc,Helli McCanny,Beef - Bresaola,194,$175.26
456484,Merrel Lonsdale,Stehr Group,Willem Whelpdale,"Cake Circle, Foil, Scallop",195,$223.47
529614,Marcia Bichard,"O'Conner, D'Amore and Stiedemann",Moe Kohlert,"Tabasco Sauce, 2 Oz",196,$730.34
447112,Irvin Disdel,Ward Inc,Judie Banbrick,Ice Cream - Chocolate,197,$485.67
932262,Kinna Ousley,Kulas and Sons,Corrine Ferruzzi,Bagel - Everything,198,$925.68
362776,Ewen Prozillo,"Keebler, Stokes and Klein",Corie Palser,Nutmeg - Ground,199,$237.49
568136,Anderea Fratson,Spinka and Sons,Witty Chester,"Potatoes - Instant, Mashed",200,$462.63
432852,Gilli Gabbatt,Barrows-Miller,Bettina Crooks,Spaghetti Squash,201,$993.75
662022,Marga Squelch,Boyle-Nolan,Edita Danielot,Blouse / Shirt / Sweater,202,$497.89
653789,Ruthie Mewhirter,"Gleason, Ernser and Will",Forest Rubenczyk,Oil - Pumpkinseed,203,$252.58
065103,Pier Airdrie,"Lueilwitz, Keebler and Fahey",Marja Ollett,Vinegar - White,204,$633.69
041005,Ame Switsur,"Ankunding, Cartwright and Glover",Lizabeth Skotcher,Cheese - Colby,205,$905.04
876258,Moll Goggen,Grady and Sons,Eduino Leibold,Gooseberry,206,$737.15
561187,Darell Kinvig,Zemlak and Sons,Pansie Clifforth,Tobasco Sauce,207,$509.15
419380,Cass Ioan,"Ortiz, Senger and Farrell",Gillian Davinet,Wine - Merlot Vina Carmen,208,$941.60
598120,Pepita Speeding,Berge-Huels,Rosamond Oppy,Mince Meat - Filling,209,$34.31
210557,Nert Chudleigh,Olson Group,Lena Cleminson,Beans - Yellow,210,$261.49
128070,Davidde Mountford,"Volkman, Monahan and Romaguera",Tova Shory,Pimento - Canned,211,$405.37
124096,Darcie Orpen,"Hyatt, Walter and McGlynn",Seana Gaspar,Bandage - Fexible 1x3,212,$936.03
431997,Demetria Vearncomb,"Abbott, Metz and Emard",Pietra Puttan,Sprouts - Pea,213,$779.21
330590,Galvin Lunny,"Friesen, Veum and Bednar",Evie Haseldine,Bagel - Everything,214,$153.03
807197,Peadar Farens,"Emard, Schowalter and Franecki",Dominica Llywarch,Dry Ice,215,$91.54
457713,Maurise Pendre,Hettinger LLC,Mil O'Sheeryne,Appetizer - Southwestern,216,$65.06
839672,Davide Iseton,"Hilpert, Jakubowski and Mayert",Sly Welton,Tea - Mint,217,$293.10
087517,Tyrone Tenant,"Huels, Watsica and Heidenreich",Farleigh Dryburgh,Appetizer - Assorted Box,218,$727.72
765292,Mireielle O'Brallaghan,Hudson-Nitzsche,Wanda McKenney,Bread - Raisin,219,$67.14
872136,Candida Elvish,Feil LLC,Casie Siflet,Baking Soda,220,$425.83
807766,Regan Stanaway,Howe-Tromp,Flora Lamps,Buffalo - Striploin,221,$538.95
950118,Esteban Skitral,Bosco and Sons,Ferd Keary,"Coke - Classic, 355 Ml",222,$454.13
058882,Alane Frackiewicz,Jakubowski-O'Reilly,Timmy Lebang,Ecolab Crystal Fusion,223,$49.59
227692,Percival Chasemoore,"Anderson, Ernser and Welch",Muffin MacAscaidh,Extract - Almond,224,$329.90
744009,Gavrielle Cason,Johnson Inc,Derward Culp,Jolt Cola,225,$979.96
836973,Marigold Atwel,Grant LLC,Jocelyn Damsell,"Juice - Grape, White",226,$593.30
146011,Mora Crebott,Koch-Bradtke,Keelby Muehler,Curry Paste - Madras,227,$148.65
808012,Fons Hickford,King LLC,Blane Kahane,Energy Drink Red Bull,228,$646.11
586010,Roberto Panting,Kling Group,Salomo Jennens,Muffin Batt - Blueberry Passion,229,$223.74
841340,Amelita Van Niekerk,Hills-Goodwin,Riobard Main,"Soup - Campbells, Classic Chix",230,$823.68
945050,Alwin McKeran,"Hettinger, Wisozk and Hodkiewicz",Lotte Moyce,Coffee - Dark Roast,231,$985.69
393678,Hashim Kornel,"Quigley, Bauch and Feil",Douglass Rubinfajn,Octopus,232,$488.61
190210,Rosabelle Clemow,Schaefer Inc,Grissel Lillyman,Corn Meal,233,$637.01
616699,Agata Franceschi,"Schowalter, Steuber and Kunze",Odelle Moat,Gelatine Leaves - Bulk,234,$220.94
830147,Rubina Quilligan,Ritchie-Koepp,Seka Dimblebee,Sugar - White Packet,235,$941.97
751366,Jenifer Colleford,Lowe Inc,Electra Saltman,Schnappes Peppermint - Walker,236,$863.22
056825,Conny Klosges,Grady-Zieme,Fayth Leggen,Cookie - Oatmeal,237,$874.39
774989,Tymothy Karel,Schmidt LLC,Edee Hannibal,Wine - Gato Negro Cabernet,238,$195.70
293996,Raina Crippen,Kris Group,Royce Pakes,Tea - Herbal - 6 Asst,239,$939.80
436551,Selby Preuvost,Hauck-Wyman,Rolfe Form,Apron,240,$859.55
644921,Nevins Jahnel,Hintz Group,Gabriell Blakeley,"Coffee - Colombian, Portioned",241,$546.96
096073,Leeanne Edgeon,Schmitt and Sons,Bee Champness,Gingerale - Diet - Schweppes,242,$531.02
929528,Dionisio Kiefer,Breitenberg and Sons,Donnajean Engledow,Green Scrubbie Pad H.duty,243,$199.22
900941,Edna Campling,Braun LLC,Dorey Showen,Wine - Mondavi Coastal Private,244,$697.13
064560,Crosby Fri,Runte Group,Herve Mackrill,Pastry - French Mini Assorted,245,$201.85
838565,Moina Filinkov,Borer and Sons,Meredithe Inseal,Wine - Fontanafredda Barolo,246,$438.86
510762,Worth Bygrove,Frami and Sons,Travis Phare,Dome Lid Clear P92008h,247,$350.02
373458,Sylvan Fuster,Walsh Inc,Windy Bruineman,"Jam - Blackberry, 20 Ml Jar",248,$897.27
605268,Diena MacKeever,O'Kon-Greenfelder,Gabi Lanyon,Bandage - Fexible 1x3,249,$278.97
791870,Arturo Scholler,Swift LLC,Garfield Lindeberg,"Bar Mix - Pina Colada, 355 Ml",250,$751.37
279341,Garrot Stainland,Kassulke and Sons,Donny Loyndon,"Lentils - Green, Dry",251,$651.84
896458,Edmon Gosalvez,"Jacobs, Blanda and Feest",Nedda Widdocks,"Wine - White, Schroder And Schyl",252,$257.11
445542,Hewie Sutheran,Morissette Inc,Lion Ketcher,"Cheese - Brie, Triple Creme",253,$278.65
051643,Darrelle Grishukhin,Aufderhar-Quigley,Ludwig McDowall,Salmon Atl.whole 8 - 10 Lb,254,$848.98
807016,Ellswerth Millier,"Raynor, Wiza and Schaden",Jessa Cattini,Eggplant Oriental,255,$36.52
562532,Garnet Benditt,Kulas-Huel,Berget Ghirigori,Sprouts - Bean,256,$631.81
695955,Mahalia Yurocjkin,King and Sons,Cordie Ralphs,Wine - Ruffino Chianti Classico,257,$89.27
042676,Pippa O'Growgane,"Murphy, Kuhn and Considine",Loren Calterone,"Wine - White, Colubia Cresh",258,$189.77
596523,Charlotta Bauldry,"Schumm, Mraz and Volkman",Lettie Ranvoise,Jagermeister,259,$711.18
321397,Eward Pratty,Mohr Inc,Katherina Dewdney,Sugar - Cubes,260,$435.66
104228,Ardella Petriello,Bernhard Group,Bevon Harker,"Juice - Tomato, 10 Oz",261,$170.93
923198,Brig Montel,Labadie-Ryan,Noak Applewhite,Plate Pie Foil,262,$286.35
247918,Shelby Perritt,Spencer-Zieme,Jennee Fadian,Kumquat,263,$83.92
823720,Aurore Arnhold,Kiehn-Lockman,Johannah Knightsbridge,Spring Roll Wrappers,264,$934.75
667519,Selle Peiser,"Effertz, Cassin and Kuhic",Sayre Fletham,Wine - Ice Wine,265,$81.68
105910,Nadia Caplan,Bahringer-Dietrich,Tierney Haestier,Pastry - Baked Cinnamon Stick,266,$762.15
404658,Brittan Brissenden,Bechtelar-Lind,Johnny Balston,Cookie Double Choco,267,$644.19
983065,Zachery Pringuer,Boyer-Ferry,Mair Capenor,Bonito Flakes - Toku Katsuo,268,$612.02
363242,Kerk McVitie,Ratke and Sons,Nikolaus Seilmann,Beer - Original Organic Lager,269,$164.77
920328,Susi Dorro,Reichert-Reichert,Rich Gosnall,Wine - Baron De Rothschild,270,$224.79
520917,Nona Sheeres,Cassin-Schmidt,Stearn Harmant,"Pesto - Primerba, Paste",271,$623.89
454598,Delmer Tomlin,"Cormier, Schiller and Ebert",Kirsteni Nowak,Longos - Chicken Curried,272,$167.71
132122,Neila Ionnidis,Fadel-Reichel,Lindsey Targe,Nantucket Apple Juice,273,$399.29
419497,Filberto D'Andrea,Cartwright-Medhurst,Joyce Tallon,Sprouts - Baby Pea Tendrils,274,$313.90
058470,Krysta Larmour,Weimann and Sons,Ethelind Free,Tea - Decaf Lipton,275,$626.95
202671,Penelope Wearing,Hagenes-Feeney,Hasheem Abella,"Onions - Dried, Chopped",276,$189.43
854498,Jo-anne Corkell,Schroeder-Boyer,Shawnee Legion,Tea - Lemon Green Tea,277,$874.68
903886,Briney Ugolotti,Weber Inc,Noble Rigardeau,Tea - Grapefruit Green Tea,278,$374.55
156795,Lindsay Le Ball,"Leannon, Larson and Ziemann",Etan Stampe,"Mushroom - Morels, Dry",279,$688.63
388728,Gusty Barde,Mueller-Pouros,Wilow Caddell,"Pork - Tenderloin, Frozen",280,$236.01
124341,Joline Rolfe,Schowalter-Reichel,Octavia Feacham,Clams - Bay,281,$867.43
920030,Maurie Rosso,Franecki-Thompson,Ameline Lincke,Fudge - Cream Fudge,282,$828.85
745744,Mariette Brito,Metz-Kunde,Hans Sesons,"Ranchero - Primerba, Paste",283,$316.11
577421,Rozalie Skough,Ernser-Larson,Lenka Omond,Soup - Campbells Beef Noodle,284,$941.66
534090,Fiona Cassar,Hyatt Inc,Fleurette Baybutt,Mushroom - Chanterelle Frozen,285,$92.62
457445,Cherice MacEveley,Fritsch-Gislason,Nolan Wingatt,Shallots,286,$109.58
810986,Renae Tommaseo,Moore LLC,Janeta Stinson,Smoked Paprika,287,$741.31
868035,Randie Venn,Ortiz Inc,Brooke Pharrow,"Bread - Pullman, Sliced",288,$879.86
029943,Hermia Pickerin,Roob-Tillman,Benedikta Brinded,Wine - Alicanca Vinho Verde,289,$3.88
479539,Rozanne Kirkbride,Kirlin Group,Moselle Richten,Glucose,290,$247.76
941050,Scott Scates,Cartwright-Doyle,Tomas Nix,Pecan Raisin - Tarts,291,$832.23
946328,Nicolle Mendel,Langosh-Hagenes,Adele Penton,Compound - Pear,292,$47.05
064251,Wilma McAdam,"VonRueden, Bernier and Sipes",Inna Maffulli,Sauce - Oyster,293,$364.22
146138,Dannel Rennard,Little Group,Marna Honeywood,"Bread - Roll, Whole Wheat",294,$991.41
854740,Emma Geldard,"Sporer, Purdy and Torp",Johna Officer,Wine - Hardys Bankside Shiraz,295,$377.32
675655,Hort Alderwick,Aufderhar LLC,Serene Splevins,Crab Meat Claw Pasteurise,296,$496.56
011924,Langston Gabbott,"Reichel, Hilll and Frami",Chad Wither,Pail For Lid 1537,297,$577.03
438328,Aggy Minero,"Schmidt, Harber and Paucek",Bella Burgwin,Sauce Bbq Smokey,298,$86.27
369884,Kane Fitchet,Gutmann-Jerde,Yardley Livens,Magnotta - Bel Paese White,299,$436.61
730441,Thorsten Lording,Reichel-VonRueden,Arvie Rebeiro,Pear - Prickly,300,$409.04
575315,Archibaldo Piner,"Larkin, Spinka and Spinka",Leann Skates,Wine - Charddonnay Errazuriz,301,$688.47
747116,Beatriz Martynikhin,"Crona, Veum and Roob",Sena Dudgeon,Soup - Verve - Chipotle Chicken,302,$956.47
062058,Betsey Macilhench,"Kulas, Effertz and Bahringer",Tracy Barnaclough,Honey - Comb,303,$32.81
650494,Cherin Mosco,"McClure, Ruecker and Funk",Sondra Franses,"Lettuce - Romaine, Heart",304,$600.78
468119,Lotty Louca,"Bins, Schaden and Little",Adelind Fivey,"Pepper - Green, Chili",305,$650.27
618923,Farrand Dono,Reichel and Sons,Connor Whitfield,Cheese Cloth,306,$815.81
159688,Lanny Hartlebury,Medhurst-Sanford,Waldemar Babst,Aspic - Light,307,$572.17
577022,Mady Patridge,Jakubowski-Fadel,Adara Montfort,Beer - Corona,308,$198.19
648646,Eirena Slater,Smitham Inc,Torrence Skully,Wine - Chenin Blanc K.w.v.,309,$182.56
226130,Ansley Crossgrove,Herzog and Sons,Kaleb Gosz,Oil - Pumpkinseed,310,$790.87
839702,Davidde Diano,Wunsch-Konopelski,Evonne Kelberman,Lemons,311,$318.17
209686,Dorine de Bullion,Pacocha-Haley,Laetitia Rhydderch,Beef - Top Butt Aaa,312,$20.01
293521,Jackie Newtown,"Keeling, Daniel and Zboncak",Melva Wynett,Skirt - 29 Foot,313,$822.93
112954,Anna-maria Notti,Prosacco Group,Clary Sizland,"Red Snapper - Fresh, Whole",314,$681.67
427086,Quintina Rushbrooke,Nolan LLC,Cyrus Negus,Sprouts - China Rose,315,$140.08
054686,Claudelle Osborn,"Ondricka, Watsica and Kovacek",Marna Lealle,"Pepsi, 355 Ml",316,$268.73
789255,Stanton Billion,"Durgan, Parker and King",Melvyn Skym,Pop - Club Soda Can,317,$831.15
278978,Benetta Skoate,Halvorson-Ernser,Shea Cassin,Compound - Strawberry,318,$95.17
486427,Quincy Merrigans,"Daniel, Frami and Howe",Vidovic Menelaws,"Mushroom - Porcini, Dry",319,$970.50
501898,Ferd Downie,Bode Inc,Damien Hitter,Neckerchief Blck,320,$226.87
663627,Suzanna Bewley,"Cronin, Bosco and Lindgren",Derk Lower,Nut - Macadamia,321,$767.11
323541,Carlita Stucksbury,"Greenholt, Kerluke and Spencer",Clayborne Remirez,Appetizer - Asian Shrimp Roll,322,$916.09
116988,Jason O'Dowd,McCullough Group,Bertrand Matula,Green Scrubbie Pad H.duty,323,$698.17
505123,Robb Tice,Stark-Hane,Shurwood Argent,Coffee - Decaffeinato Coffee,324,$102.29
020678,Darleen MacMenamin,Yost and Sons,Torre Grubb,"Wine - Red, Metus Rose",325,$479.63
151463,Pembroke Stave,Abshire-Wunsch,Othella Unwins,Bread - Dark Rye,326,$924.51
495968,Rourke Claughton,Leuschke-Cremin,Manuel Huygen,Ginsing - Fresh,327,$774.04
429256,Dorena Beaudry,"Zulauf, Glover and Davis",Lilli Delves,Ice Cream Bar - Hagen Daz,328,$303.70
805570,Faun Siege,"Hills, Windler and Schiller",Lester Braithwait,"Pasta - Cannelloni, Sheets, Fresh",329,$655.27
582132,Caryl Dixsee,Gusikowski-Kovacek,Kaspar Sayer,Vinegar - Sherry,330,$776.69
079444,Callie Ridd,Murray Inc,Fawn Wiper,Parsley - Fresh,331,$140.19
584706,Diena Arblaster,"Hintz, Mills and Conn",Rainer Walasik,Pear - Halves,332,$219.42
559859,Tracey Churching,"Bahringer, Gorczany and Casper",Alanna Lantuffe,Flower - Carnations,333,$24.53
130731,Adelice Gostage,Parker Inc,Bucky Dunthorn,Burger Veggie,334,$344.52
843019,Brocky Antyshev,Bode-Green,Larissa Powers,Lettuce - Romaine,335,$935.70
518508,Flemming Garside,Effertz-Hodkiewicz,Caddric MacNucator,Blueberries - Frozen,336,$994.42
544995,Verne Kelner,"Cronin, Greenfelder and Marks",Carmella Gomersall,Beer - Blue Light,337,$311.83
983117,Adore Schwander,Hermiston-Gerlach,Janella Wellman,Soup - Campbells Asian Noodle,338,$519.75
334997,Marietta Pietruszewicz,"Hyatt, Hansen and Konopelski",Odelia Wiskar,Bacardi Mojito,339,$869.89
764513,Theo Jakoubec,White Group,Kimbra Brackstone,Longos - Grilled Chicken With,340,$656.54
426024,Miof mela Valerius,"Ruecker, Dach and Runte",Michael Clarycott,Appetizer - Chicken Satay,341,$900.27
209909,Teresita Broomhall,Herman Group,Perren Clericoates,Muffin Mix - Oatmeal,342,$437.69
866463,Lionel Shippey,Greenholt-Ortiz,Vincents O'Halloran,Sauce - Oyster,343,$271.51
491227,Ferris Colvie,Hyatt-Rempel,Gerard Frood,Pear - Halves,344,$771.45
439402,Kimbra Rewcassell,"Jenkins, Collins and Ankunding",Der Pauly,Banana - Green,345,$499.77
255127,Beltran De Angelis,Barton Group,Rosalinda Snelgrove,Milk - Condensed,346,$725.96
022790,Nikki Lichtfoth,Wehner-Gulgowski,Nola Drysdale,Onions - Cooking,347,$226.14
588663,Delores Pennyman,"Kling, Batz and Kassulke",Ruben Hume,Capicola - Hot,348,$797.28
659211,Sandi Shears,"Becker, Medhurst and Rowe",Joane Peat,"Syrup - Golden, Lyles",349,$745.03
052980,Andonis Jodlkowski,Gorczany-Berge,Annnora Hutchason,Tuna - Salad Premix,350,$393.43
141328,Luci Iskow,Christiansen-Kulas,Ailina Castello,"Pepper - Chillies, Crushed",351,$337.46
593473,Rosabelle Maggiore,"Kling, Padberg and Ruecker",Lancelot Regus,Towel - Roll White,352,$408.00
240188,Giorgia Klewer,McLaughlin-Lueilwitz,Bertrando Feldmesser,Milk - Chocolate 250 Ml,353,$909.40
630485,Park Billie,Cormier-Veum,Fredrick Handscombe,Anisette - Mcguiness,354,$802.94
249995,Hy Danielian,Schmitt-Monahan,Felic McKibben,Ecolab - Hand Soap Form Antibac,355,$159.06
285882,Ruperto Fielden,Shanahan-Ondricka,Mariele Catteroll,"Pork - Loin, Boneless",356,$890.23
621867,Gil Paule,Conroy-Gottlieb,Fraze Keyzman,Lentils - Green Le Puy,357,$145.78
928410,Samara O'Hartnedy,"Dickens, Mayert and Bartoletti",Nicola Vaszoly,"Cheese - Havarti, Salsa",358,$308.30
954670,Adolf Tomik,"Witting, Bruen and Emmerich",Kelci Smithson,"Pasta - Linguini, Dry",359,$170.53
755026,Licha Haygreen,Zboncak and Sons,Dominick Cliss,Bar Mix - Lemon,360,$863.85
592153,Gilbertina Kenforth,"Schuster, Bahringer and Boyer",Kevan Emblen,"Pepper - White, Ground",361,$139.39
609219,Eddy Branton,Hettinger and Sons,Mercie Bleiman,Beer - Creemore,362,$707.32
660262,Jammal Huguet,Denesik and Sons,Nowell Braybrooks,Pail With Metal Handle 16l White,363,$571.64
910914,Bea Rogeon,Durgan-Luettgen,Hannah Shrimplin,Lotus Root,364,$439.38
336846,Ardelle Simkiss,Boehm and Sons,Harli Chalfont,Ecolab Crystal Fusion,365,$119.57
844084,Mikol Slatcher,Rolfson Inc,Nesta Szymanowicz,Everfresh Products,366,$527.54
308478,Marylinda Goakes,Langosh Group,Verina Linnock,"Veal - Inside, Choice",367,$299.07
600651,Dorie Rhys,McDermott-Jacobs,Bertrand Penhalewick,Rye Special Old,368,$207.75
083840,Blisse Ambrogio,Macejkovic Group,Jonathon Costell,Juice - Apple 284ml,369,$293.55
410965,Tobias McConaghy,Labadie and Sons,Kendrick Mucklow,"Pork - Tenderloin, Frozen",370,$654.92
542482,Dorthy Murdy,"Simonis, Dickinson and Walter",Ayn Aulds,"Beef - Ground, Extra Lean, Fresh",371,$245.52
425884,Kenton Bichard,"Wiegand, Bins and Beahan",Ernst De Bruyne,Veal - Striploin,372,$214.57
192109,Carmen Drillot,"Wolf, Zieme and Mraz",Tiphany Dicey,Ice Cream - Life Savers,373,$20.07
339379,Hillyer Yann,Murazik Group,Viviana Halburton,Potatoes - Mini White 3 Oz,374,$119.55
441711,Roberto Laible,Keebler-Schmitt,Joyce Furmonger,Marjoram - Fresh,375,$728.78
929053,Riley Drennan,"Lemke, Schmeler and Herzog",Celia Ilewicz,Bread Base - Gold Formel,376,$810.35
184710,Juliane Seldner,"Wuckert, Kunze and Bins",Clarissa Crichten,Vector Energy Bar,377,$730.67
648653,Dinah Turbard,McClure-Bogisich,Jens Van den Broek,Wine - Zinfandel Rosenblum,378,$264.43
322236,Renata Dabrowski,"Haag, Windler and Rice",Kara Moss,Eggroll,379,$841.95
272614,Myca Weinmann,"Streich, Pfannerstill and Torphy",Isaak Llewellen,"Lamb - Whole, Frozen",380,$859.65
356737,Zeb Izachik,Glover Inc,Shermie Hamlyn,Wine - Niagara Peninsula Vqa,381,$580.04
791379,Maureene Mersh,Abbott-Borer,Anselma MacKain,Mints - Striped Red,382,$957.16
948509,Georgie Nutty,Grimes-Beier,Fern Wetherby,Steel Wool S.o.s,383,$498.65
034839,Katusha Baldacchi,Stehr Group,Willyt Gilbertson,Pepper - Chilli Seeds Mild,384,$73.53
120302,Trudi Dennerly,Jones Inc,Lisette Currum,Chinese Foods - Thick Noodles,385,$803.96
863369,Aloysius Ailmer,Hermann-Torp,Sharleen Sheehy,"Shrimp - Baby, Cold Water",386,$843.34
729410,Deeyn Forestall,"Deckow, Weissnat and Rogahn",Logan Rizzello,Cheese - Sheep Milk,387,$982.30
489830,Heda McCreery,"Daniel, Smitham and Huel",Josi McBean,Bread - Hamburger Buns,388,$591.04
432251,Norrie Bowcock,"Ondricka, Hoeger and Maggio",Brandise Tallman,Pork - Smoked Kassler,389,$186.30
712734,Lance Daulton,Borer-Koelpin,Tam Tipton,Pear - Asian,390,$106.45
661707,Harp Pontain,Jacobi Group,Georg Arpin,"Veal - Insides, Grains",391,$653.80
652105,Andreana Masterman,"Stark, Bruen and Kshlerin",Harbert Turfrey,Oil - Coconut,392,$938.24
954411,Penrod Jakel,Medhurst LLC,Erhard Kuschel,Water - Tonic,393,$973.39
007861,Allister Thomelin,Howell-Mante,Jennilee Armit,Tea - Mint,394,$459.20
050174,Harlen Balas,Gleason and Sons,Olvan Wilfing,Ham - Cooked,395,$892.39
536700,Benson Palomba,Metz-Feeney,Pasquale Beaze,Wine - Tribal Sauvignon,396,$550.92
077450,Del Chittenden,"Pouros, Harber and Schmitt",Toby Spohrmann,Tomatoes - Heirloom,397,$840.15
034409,Katheryn Worsley,Cremin LLC,Ede Fluger,Pasta - Orecchiette,398,$959.28
743007,Melesa Hannah,"Erdman, Deckow and Farrell",Dallas Noli,Wine - Champagne Brut Veuve,399,$299.53
021358,Jennie MacGillivrie,Bauch-Smitham,Jose Stanes,Tomatoes - Cherry,400,$95.79
502494,Lindsay Darinton,"Gaylord, Sanford and West",Orel Emanuel,Long Island Ice Tea,401,$805.01
133309,Maurise Tolliday,Lynch-Bernier,Sara-ann Muriel,Bread - Onion Focaccia,402,$145.49
881905,Carin Khrishtafovich,"Paucek, Marvin and Smith",Dell Salling,Puree - Blackcurrant,403,$977.15
550662,Marcellina Maccaddie,O'Connell-O'Conner,Aylmer Lanfere,"Basil - Dry, Rubbed",404,$765.11
240113,Esmeralda McDavitt,"Brown, Crist and Bergnaum",Godiva Mughal,Broom - Push,405,$447.19
714495,Rubia Milier,Hilll Inc,Tamarah Bemlott,Chives - Fresh,406,$49.04
026128,Carny Klais,Corwin and Sons,Michaela Nern,Wine - Vovray Sec Domaine Huet,407,$308.85
866534,Morgan Ellesmere,Quigley LLC,Wood Fortescue,Dip - Tapenade,408,$590.80
032436,Hammad Woodgate,Nitzsche Group,Kathrine Hruska,Chevere Logs,409,$707.23
066668,Ariadne Skerritt,Grant-Watsica,Pyotr Forrester,"Cheese - Romano, Grated",410,$172.10
255766,Kirsti Schaffler,"Harber, Armstrong and Hoppe",Audy Livick,Mcguinness - Blue Curacao,411,$248.91
049558,Ellery Stanluck,"Lubowitz, Dach and Bradtke",Earvin Askew,Pasta - Ravioli,412,$958.67
680729,Aloisia Thickett,"Mann, Raynor and Auer",Whitby Lequeux,Pectin,413,$463.93
704485,Marcus Garwood,Upton and Sons,Beverlie Sunter,Wine - Casillero Del Diablo,414,$683.05
873891,Rozina Baiyle,Roob Group,Lia Websdale,Pheasants - Whole,415,$336.44
445002,Care Damarell,Shields Inc,Randall Borris,Cheese - Comte,416,$454.88
298579,Ban Stanner,Erdman-O'Connell,Giselle Newvell,Mushroom - Crimini,417,$541.88
681828,Harold Swindells,Kozey Inc,Darb Galea,"Pork - Chop, Frenched",418,$906.34
790172,Madlin Cockcroft,Kozey-Green,Lloyd Fozzard,Aromat Spice / Seasoning,419,$840.38
156923,Corabelle Hele,Schroeder-Hudson,Baily Martinetto,Instant Coffee,420,$584.33
339921,Letti Decayette,"Hagenes, Reichert and Johnston",Dulcinea Pinor,"Chicken - Diced, Cooked",421,$713.40
211131,Darryl Dagger,"Bradtke, Wiza and Hills",Ali McRae,Spice - Chili Powder Mexican,422,$964.36
913335,Nicoline Dismore,"Considine, Pagac and Romaguera",Zola Catlin,Vanilla Beans,423,$271.82
202829,Hedvig Aldus,Kutch and Sons,Modesty Evemy,Dc - Frozen Momji,424,$790.89
714457,Kipp MacLoughlin,Nitzsche Inc,Thurstan Fabb,Sambuca - Opal Nera,425,$26.16
539028,Claiborne d' Elboux,"Yundt, Bogisich and Bailey",Riccardo Woodes,Oil - Olive,426,$741.61
337528,Candy Ferber,Jenkins LLC,Dorthea Mesnard,Kiwi Gold Zespri,427,$7.69
954641,Kaiser Gheerhaert,"Gottlieb, Quitzon and Borer",Clayson Bentinck,Island Oasis - Sweet And Sour Mix,428,$878.62
833897,Grove Rawood,Durgan and Sons,Rhonda Brownsea,Potatoes - Pei 10 Oz,429,$709.99
365612,Rosaleen Snodden,"Homenick, Huels and Murray",Lydia Shorey,Langers - Mango Nectar,430,$534.63
019155,Susie Dossettor,"Pfeffer, Fahey and Swaniawski",Giles Yepiskopov,Edible Flower - Mixed,431,$116.21
546731,Barnebas Larderot,Brown-Yost,Elbert Mowbray,Almonds Ground Blanched,432,$429.17
828483,Blinnie Dmiterko,"Roberts, Russel and Bogan",Ashlie MacKowle,Sugar - Icing,433,$579.30
844776,Evelina McKenney,"Macejkovic, Marks and Bergnaum",Mellie Tuffin,Remy Red Berry Infusion,434,$661.34
732210,Job Barrim,Kuhn Group,Wildon Maier,Pears - Bartlett,435,$730.12
992985,Willi Creane,Bode-Lockman,Gwyneth Craddock,"Wine - Red, Mosaic Zweigelt",436,$486.60
700279,Olivie Manshaw,Ernser-Wiza,Burch Gunnell,Goat - Whole Cut,437,$151.52
599090,Ty Kingdom,"Bradtke, Reinger and Spinka",Gris Clapison,Sugar - Monocystal / Rock,438,$852.99
616231,Saudra Breewood,Nader-Blick,Thadeus Rhodus,"Stock - Chicken, White",439,$478.84
557143,Theresina Eburah,"Heaney, Johnston and Parisian",Rube Burman,Gingerale - Diet - Schweppes,440,$136.84
916180,Peria Dawidowitz,Maggio LLC,Skipp Snowding,"Asparagus - White, Canned",441,$502.41
163722,Brnaba Bilney,Bauch and Sons,Mortie Gellan,Bread - Wheat Baguette,442,$381.34
558297,Merrili Bennetts,Will-Ziemann,Karylin Juniper,Zucchini - Yellow,443,$367.46
867627,Son Lashley,Emmerich-Schumm,Mab Reynault,Veal - Liver,444,$114.88
197369,Arlee Gueste,Rice-Heathcote,Holt Bellow,Brandy - Bar,445,$44.65
320250,Alida Scholey,Hickle-Murray,Alfy Coldham,Soup - Campbells Chili,446,$549.50
904963,Timmie Balden,Reinger Inc,Myrtice Duesberry,Kale - Red,447,$248.54
405555,Bram Jeens,"Thiel, Ruecker and McDermott",Leland Lesek,Salmon Steak - Cohoe 6 Oz,448,$566.14
804150,Cynthea Tanman,Bins-Terry,Xymenes Gaisford,Plaintain,449,$657.54
998981,Mischa Patters,"Barrows, Mitchell and Harris",Philomena Elphee,"Mustard - Dry, Powder",450,$434.12
940442,Woodman Heady,Schuppe Group,Joete Whitland,Bread - Sour Sticks With Onion,451,$520.23
377830,Rhoda Droghan,Mayer and Sons,Bryon Noden,Wine - Saint Emilion Calvet,452,$702.37
915723,Rockie Dublin,Ward-Wisoky,Lowell Workman,Pie Pecan,453,$226.59
600459,Sarajane Gobbet,Beatty LLC,Marsha Lawlings,Avocado,454,$592.22
166445,Vaughan Sadler,Nikolaus LLC,Jareb Bende,Duck - Whole,455,$626.74
368255,Tanney Chrystie,"Paucek, Hermann and Davis",Darrel Jesty,Squash - Acorn,456,$980.45
183744,Mischa Strafford,Baumbach-Weissnat,Nigel Scarlin,Water - Green Tea Refresher,457,$459.50
536711,Mora Adaway,"Weissnat, Walker and Ferry",Hugibert Quest,Bread - Olive,458,$738.87
751722,Somerset Cringle,Carter LLC,Kris Ellings,Beef - Striploin,459,$21.37
311397,Tommie Dawdry,"Frami, Haley and Cormier",Charlton Mingaud,Bok Choy - Baby,460,$216.64
852716,Ray Jostan,Dickens Group,Marianne Gayter,"Rum - Dark, Bacardi, Black",461,$209.93
679149,Uriah Strowlger,"Bernier, Littel and Bayer",Melesa Heberden,The Pop Shoppe - Cream Soda,462,$937.54
827176,Rosaline Firminger,Kulas-Buckridge,Bogey Junkison,Beef - Ground Lean Fresh,463,$416.09
516774,Mollee Misson,Treutel-Kshlerin,Percy Franciottoi,Foam Cup 6 Oz,464,$199.42
236081,Morty Scramage,Collins-Walter,Bernard Pinching,V8 Pet,465,$544.45
860284,Gennie Yarnton,"Sanford, Jacobi and Wilderman",Gates Sirman,Wine - Gato Negro Cabernet,466,$658.43
544561,Geoff Davidovic,Fahey-Yost,Vincent Gilbride,Isomalt,467,$91.21
708075,Hall Aldridge,"Gerhold, Bartoletti and Jast",Shandeigh Beldon,Wine - Jaboulet Cotes Du Rhone,468,$901.15
153052,Pat Catherall,O'Connell Inc,Layne Riglesford,The Pop Shoppe - Black Cherry,469,$620.03
978356,Biddy Grosier,Aufderhar Inc,Jaymee Ivins,"Jam - Marmalade, Orange",470,$161.40
462448,Orin Maddigan,Kemmer-Harris,Nikola Balaizot,"Pasta - Lasagna, Dry",471,$367.74
513311,Guinevere MacDowal,Hamill Inc,Aldin Spenclay,Chinese Foods - Chicken Wing,472,$175.21
389683,Errol Doole,White Group,Mala Yoakley,Puree - Mocha,473,$177.25
829587,Kevan Pirolini,Rolfson-Franecki,Aviva Wollen,Spice - Montreal Steak Spice,474,$24.29
650828,Godfry Pettecrew,Spinka LLC,Francklin Colman,"Noodles - Cellophane, Thin",475,$653.20
780637,Paddie Buckles,Streich Inc,Cherlyn Anthona,Soup - Verve - Chipotle Chicken,476,$642.63
522232,Jeremiah Le Sieur,"Howell, Bins and Emard",Mara Amberg,Bouq All Italian - Primerba,477,$616.30
491893,Ruthy Speake,Wuckert-Carter,Yale Barensky,"Pepper - White, Ground",478,$725.83
489959,Erich Grice,McGlynn-Witting,Olive Chat,Ecolab - Hobart Upr Prewash Arm,479,$624.32
841001,Ase Derington,Anderson LLC,Dagny Cawley,Broom - Corn,480,$529.82
720458,Bink Hoffner,O'Conner Group,Electra Axe,Pepper - Red Bell,481,$265.78
360357,Madlin Gerrie,Doyle and Sons,Shanna Hearst,Lambcasing,482,$982.28
295212,Mattheus Valti,"Frami, Murphy and Huel",Rycca Simonard,Muffin Mix - Oatmeal,483,$391.78
003534,Woody Tartt,Leuschke-Boyle,Shanon Erley,Bread - Onion Focaccia,484,$544.20
730140,Bevvy McCaster,"Waters, Ullrich and Dooley",Miguel Beaven,Lemon Tarts,485,$349.13
847544,Lyon Shorto,"Turner, Cummings and Morissette",Benton Davids,Cloves - Ground,486,$750.56
021949,Tatiania Duberry,Ullrich LLC,Mathilda Jeenes,Chocolate - Compound Coating,487,$809.88
322964,Ringo Calbrathe,"Hackett, Metz and Cruickshank",Caspar Glanister,"Pepper - Black, Ground",488,$149.76
865262,Gabbie Byrkmyr,Hoeger-Cummerata,Chelsea Kneafsey,Chicken - Wieners,489,$835.21
597207,Ros Fayne,"Schoen, Schaefer and Boyer",Laurena Critoph,Peppercorns - Pink,490,$931.80
713194,Gretna Bullin,Bednar LLC,Waverly Schubart,"Wine - White, Gewurtzraminer",491,$527.54
446839,Kamillah Mathivon,Hettinger-White,Emanuele Pretor,Appetizer - Sausage Rolls,492,$251.81
960422,Lark Guynemer,Bashirian-Roberts,Kristofor Tamplin,Honey - Liquid,493,$113.50
647078,Kiley O'Siaghail,"Hammes, Conroy and Pagac",Bealle Biggins,"Rum - Spiced, Captain Morgan",494,$69.44
785953,Darrin Steljes,Bashirian Inc,Sorcha Perillo,Pastry - Raisin Muffin - Mini,495,$395.03
804019,Bondon MacCarlich,Bartell and Sons,Myrtie Haggart,Soup - Campbells Tomato Ravioli,496,$390.86
637057,Herbie Wagner,Wolff Group,Felipa Kuhnt,Dc Hikiage Hira Huba,497,$260.87
591720,Shaw Loxly,Torp-Okuneva,Jim Cattanach,Chocolate Bar - Oh Henry,498,$741.98
836519,Nata Downing,Heaney-Heidenreich,Barbra Choppin,Sherbet - Raspberry,499,$166.54
417690,Ardyth Peyton,Nader-Marvin,Magda Burdett,Skirt - 29 Foot,500,$82.99
347856,Timi Olech,Lemke LLC,Tobin Gillyatt,Monkfish Fresh - Skin Off,501,$521.53
832558,Frants Hudson,"Schroeder, Rau and Gorczany",Lind Bikker,Aromat Spice / Seasoning,502,$256.15
731103,Kenon Villa,Berge Group,Kikelia Antosik,Paper - Brown Paper Mini Cups,503,$349.05
593316,Joanne Middle,Lind-Price,Jasmin Abramson,Kellogs Raisan Bran Bars,504,$871.69
376905,Claudian Prest,Yundt Inc,Avram Ebdin,Potatoes - Idaho 100 Count,505,$355.60
671082,Renata Glennard,Walsh and Sons,Shandy Mangan,"Pork - Chop, Frenched",506,$846.42
892504,Errick McVanamy,Cummings Group,Odey McElree,Coffee - Dark Roast,507,$766.26
976227,Ryon Slimming,Huel-Olson,Timmy Amyes,Onions - Vidalia,508,$418.70
473135,Daveen Sargerson,Keebler LLC,Vitoria Manion,Cake - Miini Cheesecake Cherry,509,$45.83
601602,Alfonso Landeg,Fadel Group,Currie Vero,"Soup - Canadian Pea, Dry Mix",510,$360.81
164782,Lorrie Bree,"Bruen, Bergstrom and Watsica",Vonni Darlasson,Pur Value,511,$632.06
049185,Thain Benmore,Legros-Bauch,Annabelle Crickmer,"Quail - Eggs, Fresh",512,$232.34
467938,Witty Hallworth,Roob-Feil,Jabez Ayton,Whmis - Spray Bottle Trigger,513,$387.44
067667,Connie Taberner,Brakus-Jacobi,Zara Tressler,Sauce - Cranberry,514,$857.16
837640,Erny Lakey,Hermann-Pouros,Krystyna Kierans,Ice Cream - Strawberry,515,$512.29
045621,Winny Antonowicz,Parisian Inc,Cami Leverentz,Sole - Fillet,516,$322.14
687712,Jasun Janiszewski,Schmeler Inc,Trumaine Grayling,Wakami Seaweed,517,$93.33
987393,Caralie Lydford,Klein-Dietrich,Henrik Yannikov,Carbonated Water - Strawberry,518,$924.08
517239,Miran Medcalf,Lubowitz-Bernier,Leigh Redmayne,Beef - Bresaola,519,$738.12
155457,Leland Ginni,Labadie-Goyette,Dorri Knightly,Veal - Sweetbread,520,$351.18
216600,Rustin Bortolutti,"Mann, Mueller and Bartell",Karlotte Broadley,Cake - Miini Cheesecake Cherry,521,$132.77
684221,Holly Weddeburn - Scrimgeour,Kertzmann and Sons,Melisande Wickling,Chicken - Whole,522,$494.29
063149,Randal Krause,"Jakubowski, O'Reilly and Mueller",Dyann Zorzi,Ice Cream Bar - Oreo Sandwich,523,$915.89
689918,Gunner Duding,Klocko-Kling,Stacia McAllan,Pork - Ground,524,$238.94
970013,Wolfy Teasdale,Reinger-Swift,Nevsa Tock,Vinegar - Champagne,525,$538.85
297861,Shayne Dukesbury,O'Reilly Group,Frederique Town,Appetizer - Shrimp Puff,526,$267.18
750955,Ennis Stivani,"Cormier, Gutmann and Price",Brnaba Dawbery,Pastry - Key Limepoppy Seed Tea,527,$329.89
472931,Rodrick Sircomb,Lesch and Sons,Noble Dilkes,Ice Cream - Chocolate,528,$225.52
828600,Andriette Kulis,"Dickinson, Hudson and Botsford",Kelbee Portwaine,Broom - Corn,529,$249.59
682279,Gardie Hintze,Little-Walker,Norman Mainz,Sauerkraut,530,$38.24
338183,Darrin Mapam,Simonis-Gislason,Sal Hardeman,Persimmons,531,$164.77
921964,Hestia Asplen,"Tillman, Boyer and O'Keefe",Rockwell Abadam,Cheese - Parmigiano Reggiano,532,$692.40
064280,Ladonna Egel,Hirthe-Deckow,Delila Cornuau,Beef - Cow Feet Split,533,$900.14
915135,Demetria Kellen,Cummerata-Abbott,Denna Domenge,Soup Campbells Beef With Veg,534,$656.37
121987,Ardelis Crum,Will Group,Kimberli Colleton,Beans - Soya Bean,535,$516.33
488869,Bridie Flintoffe,Runolfsson-Kemmer,Melania Pulhoster,Beef - Sushi Flat Iron Steak,536,$395.35
258675,Cynde Brandi,Hackett LLC,Vivianna Smallbone,Tea - Black Currant,537,$530.64
441050,Claiborne Bierman,Langosh-Nolan,Corny Carr,"Yeast - Fresh, Fleischman",538,$712.74
865842,Francklin Titmuss,Price Inc,Schuyler Robyns,Veal - Heart,539,$126.04
999082,Nissa Shakshaft,"Moen, Mann and Simonis",Niles Beves,Wine - Pinot Grigio Collavini,540,$959.71
824635,Lamond Redmire,Deckow-Shanahan,Jilly Arch,Olives - Kalamata,541,$470.39
136029,Gisela Cunde,"Emmerich, Witting and Carroll",Atalanta Bawcock,"Juice - Tomato, 10 Oz",542,$481.36
574738,Belle Brackpool,"Mertz, Casper and Hermann",Marybeth Delouch,"Iced Tea - Lemon, 460 Ml",543,$826.50
894130,Eula Bathow,"Terry, Witting and Goldner",Marvin Merricks,Bar Bran Honey Nut,544,$232.91
090979,Dudley L' Estrange,"Wuckert, Leannon and Kunde",Tybalt Bampkin,"Plate - Foam, Bread And Butter",545,$969.89
784032,Louella Girardeau,"Jast, Ankunding and Koss",Griffith Aggs,Filo Dough,546,$750.82
392426,Lilli Kniveton,Feest Inc,Merrill O'Corr,Cheese Cloth No 60,547,$766.59
346520,Goldy Nation,Lesch and Sons,Janaya Chishull,Muffin - Mix - Mango Sour Cherry,548,$70.27
250136,Erny Matschek,Harvey Inc,Filmore Raisbeck,"Tart Shells - Sweet, 4",549,$868.31
137923,Alejandrina Skarman,"Okuneva, Mayert and Walter",Quinta Fullick,Salt - Seasoned,550,$682.80
279761,Nissie Insko,"Schowalter, Lowe and Johnson",Madelyn Barclay,Appetizer - Sausage Rolls,551,$993.12
964124,Anna-maria Winward,Kohler and Sons,Juli Bowles,Pickles - Gherkins,552,$803.12
248766,Ogdan Schiementz,Mayert Inc,Shaylah Giacovetti,Food Colouring - Blue,553,$865.91
334700,Hattie O'Ferris,"Baumbach, Johnson and Williamson",Nancy Kalkhoven,"Coconut - Shredded, Unsweet",554,$319.05
251750,Darlleen Piell,Parisian Group,Mateo Leftridge,Beans - Wax,555,$353.46
227651,Lacie Sedger,"Gerlach, Hettinger and Torphy",Hope Southwick,Mushrooms - Honey,556,$938.95
682229,Harwell Lavens,O'Keefe Inc,Catlin Gann,Tray - 12in Rnd Blk,557,$465.53
009570,Anjanette Rollett,"Hahn, Legros and Padberg",Nikolai Barus,Dry Ice,558,$933.29
088883,Dinny Lukianov,Bayer and Sons,Regan Merrien,"Capon - Breast, Wing On",559,$176.02
177385,Keith Crighton,"McKenzie, Shanahan and Weimann",Artie Blakelock,Lettuce - Curly Endive,560,$352.06
936019,Mathias Canepe,Hermiston and Sons,Wallas McGoon,Galliano,561,$358.60
008264,Shepard Opdenorth,Price Group,Conchita Monte,"Veal - Inside Round / Top, Lean",562,$510.00
473298,Melina Blankman,"Rau, Collier and Kemmer",Christyna Wakeford,Lemonade - Pineapple Passion,563,$116.04
094631,Abagail Debow,"Batz, Pfeffer and Spencer",Carolyn Domel,Marjoram - Fresh,564,$258.77
993432,Henka Quarrington,Ortiz-Collins,Rhianna Beardon,Calypso - Pineapple Passion,565,$73.53
654841,Porter Hayford,Altenwerth-Gulgowski,Aharon Kendell,Pork - Bacon Cooked Slcd,566,$487.50
249882,Jard Forson,Kirlin LLC,Caterina Parkes,Table Cloth 81x81 Colour,567,$827.06
454195,Pincus Eick,Pacocha Inc,Obadiah Kohtler,Tea - Apple Green Tea,568,$856.78
649377,Deborah Summerrell,Fay-Goldner,Helena Hewins,"Ham - Smoked, Bone - In",569,$50.34
823293,Teddie Rigard,Walter-Hickle,Jacenta Di Pietro,"Capon - Breast, Double, Wing On",570,$247.92
239284,Arman De Vaan,Reynolds Group,Rhonda Mulhall,Scallops 60/80 Iqf,571,$987.87
727748,Ricky Tolworthy,Von Inc,Koral Bottell,Cookie - Oatmeal,572,$898.50
952944,Oren Tampion,Jakubowski and Sons,Dela Blinde,Buttons,573,$101.83
615268,Jo ann Pidcock,"Brakus, Bartell and Lubowitz",Jamill Bellard,Soho Lychee Liqueur,574,$999.25
486844,Whittaker Shellcross,Bartell LLC,Obed Heighway,Syrup - Monin - Passion Fruit,575,$195.04
734004,Kacie Stobbs,"Armstrong, Crona and Runte",Sibylla Coundley,Beets - Mini Golden,576,$939.76
125563,Mac Lamerton,Dibbert-Ruecker,Welch Wagg,Bols Melon Liqueur,577,$352.03
769347,Haydon Farreil,"Jacobi, Sporer and Kub",Cristian Ascough,Tomatoes - Grape,578,$608.34
784732,Lev Beal,"Spinka, Heathcote and Von",Moyra Fawson,"Potatoes - Instant, Mashed",579,$406.12
171114,Tulley Popley,Crist Inc,Gabriel Messitt,Sunflower Seed Raw,580,$930.02
618228,Doria Perford,Olson-White,Raddy Yitzhak,Glove - Cutting,581,$760.57
909321,Des de Grey,"Miller, Mante and Schumm",Liliane Golden of Ireland,Cornish Hen,582,$200.77
896943,Rafaelia Beale,"Legros, Pollich and Hintz",Rica Boch,Cookie Double Choco,583,$207.97
430984,Ardenia Tevlin,Schmitt LLC,Megen Follos,Veal - Loin,584,$255.27
378645,Romola Mattholie,Hegmann LLC,Sadella McKinnell,Wine - Cave Springs Dry Riesling,585,$732.36
913112,Lotta Delion,Bayer-Mayer,Liuka Guierre,Kiwano,586,$829.74
847990,Rinaldo Boule,"Thompson, Blick and Gulgowski",Jeanette Keats,"Pork - Tenderloin, Frozen",587,$172.47
041370,Jolee Cutridge,"Rath, Casper and Weimann",Korie Postins,Ecolab Digiclean Mild Fm,588,$15.65
255839,Rorke Shillingford,Rutherford LLC,Carl Carsey,Lemonade - Pineapple Passion,589,$759.38
720294,Nels Jestico,"Cole, Pfeffer and Brekke",Craig Ugoletti,Chicken - Wieners,590,$740.85
495262,Merle Bowdon,Jast and Sons,Esdras Signoret,Beef - Striploin Aa,591,$947.86
817089,Brittni Peeke,Stark-Friesen,Ives Bisson,Cheese - Grana Padano,592,$703.40
140388,Randal Bresner,"Legros, Blanda and Dach",Godfry Le Fevre,Icecream - Dstk Cml And Fdg,593,$992.32
738899,Jazmin Goodram,"Considine, Moore and Rippin",Mannie O'Kieran,Appetizer - Sausage Rolls,594,$576.75
625570,Hana Tarbox,Abernathy LLC,Abelard Greenrodd,Prunes - Pitted,595,$990.19
862756,Kirsteni Narey,"Johnson, Bogan and Kunde",Mathian Simione,"Potatoes - Yukon Gold, 80 Ct",596,$326.18
463861,Lizabeth Hehnke,Schuppe LLC,Crystal Lyfield,Fudge - Chocolate Fudge,597,$717.75
805283,Wynn Facey,"Feeney, King and Beer",Lockwood Frogley,Whmis Spray Bottle Graduated,598,$552.79
295739,Dwayne Cescon,"Lebsack, Jacobs and Barrows",Calida Delicate,"Vodka - Hot, Lnferno",599,$326.40
466472,Noel Uren,"Goyette, Erdman and Feeney",Judith Blaney,Banana - Green,600,$864.00
881164,Jesselyn Alster,"Kreiger, Ledner and Dooley",Cassius Ferrelli,Cake Sheet Combo Party Pack,601,$514.68
435070,Clarke Seamark,Bogisich-Glover,Kelci Godfery,Pastry - Raisin Muffin - Mini,602,$982.11
989183,Merrie Quantrill,Ferry-Torphy,Hyatt O'Dwyer,Ham - Cooked Italian,603,$198.68
554935,Aryn Swatman,"Wilderman, Beatty and Mante",Charleen Matson,"Peas - Pigeon, Dry",604,$845.13
185271,Codi Treske,Emard Inc,Reena Gore,Raisin - Dark,605,$448.24
164449,Missie Blaby,"Fadel, Wisozk and Dach",Alaster Flieger,Bandage - Fexible 1x3,606,$903.27
896018,Torrin Valentino,Corwin-Dach,Debera Sawtell,Onions Granulated,607,$253.80
797399,Wallace Dumini,Hackett-Prohaska,Zed Jovanovic,Soup - Campbells Broccoli,608,$644.98
425436,Rhys Shelbourne,Keeling Group,Lucien Cotilard,Lid Tray - 12in Dome,609,$578.55
818603,Zahara Beggin,"Jacobson, Halvorson and Lehner",Meggie Wadmore,Eggplant - Asian,610,$545.36
805254,Sandie Ions,"Torphy, Lueilwitz and Reichel",Frederic Reichartz,Lid - 0090 Clear,611,$439.78
395764,Mathias Keaveny,Schmeler LLC,Mateo Baruch,"Ranchero - Primerba, Paste",612,$180.34
631813,Evie Bilt,"Herzog, Batz and Gorczany",Elsinore Kynston,Longos - Burritos,613,$200.90
364037,Constantia Outram,Daniel-Daniel,Stephani Prando,Fruit Mix - Light,614,$305.07
272575,Ruddy Colbrun,Bins and Sons,Ansell Tocque,Caviar - Salmon,615,$104.41
614613,Janet Heyward,"Kuvalis, Feeney and Zieme",Misti Linzey,Wine - Tio Pepe Sherry Fino,616,$387.04
914365,Rodolphe Ceely,"Schimmel, Wyman and Kreiger",Pearce Adamo,Juice - Happy Planet,617,$901.26
612702,Pippa Effemy,Schroeder-Shields,Reinaldos Joskowitz,Garam Masala Powder,618,$83.73
855312,Cecilla Sabbins,Dicki-Beatty,Bondie Redwood,"Coke - Diet, 355 Ml",619,$758.22
241918,Levey Bunyan,Price Group,Leonidas Zipsell,Wine - Fume Blanc Fetzer,620,$676.13
198739,Mavis Leicester,Heller Inc,Francklyn Mufford,Soup V8 Roasted Red Pepper,621,$469.51
058908,Vladimir Kenzie,Nitzsche-Windler,Winonah Stockau,Appetizer - Crab And Brie,622,$474.62
466966,Sharona Chesley,Kreiger-Kutch,Giles Schuchmacher,Hersey Shakes,623,$920.71
389692,Fanny Gages,Yost Inc,Remy Cozzi,Juice - Apple 284ml,624,$131.00
260475,De witt Gheerhaert,Hayes-Shanahan,Melany Banghe,Tea - Jasmin Green,625,$92.10
111270,Florenza Gheorghie,"Dickens, Gleichner and Sawayn",Roley Savory,Glove - Cutting,626,$348.34
128271,Massimiliano Donisthorpe,"Schiller, Feeney and Wisozk",Neysa Circuitt,Limes,627,$9.13
925358,Stacia Warrack,"Turcotte, Corkery and Fay",Boothe Renahan,Sobe - Lizard Fuel,628,$174.23
992712,Vania McNeillie,Ernser-Bosco,Lurlene Hallum,Cheese - Montery Jack,629,$845.22
366355,Harry Windrass,Rogahn Inc,Sawyere Fake,Cleaner - Pine Sol,630,$430.37
992612,Audrey Chichgar,Zulauf-Rohan,Arnoldo Sweedy,Puree - Raspberry,631,$541.71
384334,Hewet Duffus,Heidenreich-Stanton,Janifer Tatteshall,Sugar - Invert,632,$526.00
334002,Ashley Sturney,"Roberts, Legros and Herman",Fayth Cinelli,"Beans - Navy, Dry",633,$429.38
033054,Angeli Goldney,Luettgen Group,Cthrine Brolechan,"Bread - Crumbs, Bulk",634,$47.31
854610,Odelinda Toynbee,"Morissette, Quigley and Shanahan",Reiko Keelinge,Longos - Lasagna Veg,635,$687.29
120555,Wanids Forsdicke,Spinka Group,Hall Lente,Cookies - Fortune,636,$981.75
944078,Krissy De Antoni,"Prosacco, Bogan and Armstrong",Modestia Vial,Bread Base - Italian,637,$372.46
610377,Felisha Humphries,Kuhlman and Sons,Marna Walster,Muffin Batt - Choc Chk,638,$344.48
027251,Eolande Pendre,"Herman, Wunsch and Conroy",Celestyn Sinclar,Puree - Kiwi,639,$333.01
130987,Felicity Caslin,Flatley LLC,Leighton Madgwich,Daves Island Stinger,640,$60.62
908583,Franky Stopforth,Nicolas Inc,Carmelina Lettley,Beer - Mcauslan Apricot,641,$81.58
388007,Edeline Simeoli,Emmerich Group,Fleur Kinnane,"Pasta - Linguini, Dry",642,$25.19
408422,Brad Samme,Ferry-Leannon,Ardith Poznan,Yokaline,643,$816.06
557247,Wallas Heathorn,Pfeffer and Sons,Jorgan Seden,"Cookies - Oreo, 4 Pack",644,$173.35
788079,Helaine Honnicott,"Hermiston, Lesch and Hand",Joyous Geraldi,Nantucket - 518ml,645,$137.40
989672,Shanie Rickardsson,"Hoppe, Veum and Bashirian",Dave Pendry,Instant Coffee,646,$824.04
324359,Jenna Ashurst,Gerlach Group,Bekki Gribbin,Cleaner - Bleach,647,$994.39
863039,Barbara-anne Van der Hoven,Kirlin-Pfannerstill,Malory Batie,"Crush - Orange, 355ml",648,$438.26
870873,Fawne Branson,"Littel, D'Amore and Reichert",Livy Maciocia,Coffee - Frthy Coffee Crisp,649,$830.84
596608,Kiersten Pedersen,Crona Group,Nye Coghill,Rum - Mount Gay Eclipes,650,$116.51
194970,Bryant Ebden,Mayert LLC,Lanny Pamphilon,"Artichoke - Hearts, Canned",651,$537.68
844231,Katharyn Walcar,"Rau, Mertz and Bednar",Madge Birchett,Pork - Smoked Back Bacon,652,$654.96
460239,Luella Gianulli,"Brown, Collier and Waelchi",Jacklyn Wehnerr,Miso Paste White,653,$355.90
948327,Marjy Siverns,"Hammes, Cremin and Will",Mace Vernall,Salt - Celery,654,$419.62
411924,Seana Collomosse,"Brakus, Wuckert and Haag",Lissa Mapletoft,Cheese - Bocconcini,655,$722.95
259588,Torrey Pheasey,Torp Group,Modestine Dymick,"Nut - Pistachio, Shelled",656,$760.95
906766,Juliana Gaisford,"Spencer, Considine and Herman",Natalie Spaxman,Soup - Base Broth Chix,657,$187.65
249232,Cordy Handrick,Braun-Walsh,Maighdiln Criple,Amarula Cream,658,$949.06
798079,Welby Swaddle,Kovacek-Cruickshank,Molli Riall,Glaze - Clear,659,$409.40
206709,Herby Malarkey,"Johnson, Towne and Medhurst",Gusti Adamthwaite,Coffee - Decaffeinato Coffee,660,$786.87
253271,Gail Twelvetrees,"Denesik, Doyle and Lockman",Giacinta Wakley,Cauliflower,661,$266.25
582819,Barthel Biasio,Considine Group,Hewie Etty,Chef Hat 25cm,662,$380.75
977489,Ebony Lowdeane,Oberbrunner-Skiles,Meara Sidlow,Vinegar - White Wine,663,$565.25
422942,Darcy Southerden,"Koss, Lemke and Mohr",Obediah Bulle,"Juice - Pineapple, 48 Oz",664,$665.38
259266,Stanford Keaysell,"Hane, Dibbert and Graham",Joshua Draude,Crab - Meat Combo,665,$248.66
376783,Jannel Braidman,Gaylord-Yost,Stavro Pickaver,Bacardi Raspberry,666,$155.07
460315,Kimberlee Plunket,"Cartwright, Howe and Heller",Cinnamon Domenici,"Beef - Tongue, Fresh",667,$615.10
724347,Gallard Thornewill,VonRueden-Cremin,Natalya Wass,Appetizer - Tarragon Chicken,668,$576.17
302598,Ronni Clements,Stamm Group,Aeriell Eykelhof,Chicken - Bones,669,$178.30
115580,Felic Budik,Romaguera-Kreiger,Brina Lammin,Bamboo Shoots - Sliced,670,$393.67
561819,Jannel Weond,"Wunsch, Donnelly and Leffler",Reinhard Yeoland,Cookies - Englishbay Chochip,671,$38.36
825290,Felicdad Kilcoyne,Krajcik-Wolff,Clifford Kleingrub,"Beef - Kindney, Whole",672,$68.54
187394,Rubie Crudge,Heller LLC,Renato Sherborne,"Chicken - Wings, Tip Off",673,$652.80
940019,Deonne King,"Murray, Hackett and VonRueden",Carmelle Lent,Currants,674,$391.38
654734,Deonne Pick,"Wilderman, Torp and Mayert",Bibby Stoll,Beef Ground Medium,675,$138.23
083141,Hyacintha Dickings,Legros-Marks,Doti Mewitt,Wine - Barolo Fontanafredda,676,$853.10
178438,Pauletta Seldner,Yundt Group,Jermaine Cardow,"Tart Shells - Savory, 4",677,$493.14
510360,Thorpe Keri,Dooley Inc,Emalee Kielty,Bag - Clear 7 Lb,678,$355.24
769892,Amity Pochin,"Heidenreich, Casper and Skiles",Waverly Gurrado,Bread - 10 Grain,679,$148.89
064129,Henriette Neighbour,"Batz, Anderson and Bednar",Dione Daveridge,Mangoes,680,$172.39
229305,Minta Cranmer,Hamill-Grady,Jamaal Lorenzin,Flower - Carnations,681,$406.25
333863,Tabbie Leele,Wilkinson Group,Becka Grigorian,Chicken - Base,682,$75.77
482259,Alfons Biddleston,Von-Wisoky,Jerad Maggorini,"Salsify, Organic",683,$987.94
321080,Myrvyn Rassell,Kshlerin-Wilkinson,Cherry Rickesies,Wine - Toasted Head,684,$561.88
998964,Arabele Sterrick,Prohaska Group,Evanne Heinlein,Wine - Cotes Du Rhone,685,$495.44
000984,Angelico Seaton,Ferry-Prohaska,Walt Bill,Mix - Cappucino Cocktail,686,$592.61
948736,Merridie Nicholes,Ledner-Reilly,Darcy Jerman,Cake - Bande Of Fruit,687,$48.27
618906,Sabine Haswall,"Tremblay, Gerhold and Ankunding",Bard Sibbering,Cheese - Cottage Cheese,688,$147.67
133432,Randi O' Meara,Hagenes Group,Hartley Rouke,"Pail - 4l White, With Handle",689,$163.11
499902,Benito Somes,"Hills, Kozey and Durgan",Christie Cracknell,"Corn - Cream, Canned",690,$331.46
567177,Tessie Blanden,Deckow Inc,Eula Gerram,Energy - Boo - Koo,691,$485.66
015128,Olin Izakovitz,Doyle Inc,Linea Venners,Ecolab - Power Fusion,692,$950.84
195484,Ferrell Klejin,Ziemann LLC,Hedda Pride,"Tendrils - Baby Pea, Organic",693,$893.48
898718,Denni Peers,Hilll Inc,Dolli Nightingale,"Beef - Tongue, Fresh",694,$800.30
932923,Garry Kunat,Yundt-Nitzsche,Sig Burdess,Flavouring - Rum,695,$517.69
103325,Chip Cabane,"Zemlak, Carroll and Beatty",Caroline Queyeiro,Sea Bass - Whole,696,$813.35
576925,Anstice Boyfield,Corwin-Crona,Ricardo Beldan,Pepper Squash,697,$28.58
123385,Lexy Lewton,Lynch-Crona,Ninnette Leeke,"Wine - Bourgogne 2002, La",698,$179.45
693940,Jessie Rodders,Mosciski Group,Valerie Hinemoor,Juice - Orange,699,$78.79
012103,Gavan Craw,Turcotte and Sons,Marco Stearn,Rootbeer,700,$992.88
531466,Coral Buist,"Lubowitz, Windler and Dickinson",Berenice Montilla,Kumquat,701,$479.78
255290,Lyn Stammer,"Cronin, Armstrong and Zemlak",Analise Steeples,"Cheese - Woolwich Goat, Log",702,$567.66
972783,Marquita Ravenscroft,Jenkins-Prohaska,Durante Finder,Juice - Cranberry 284ml,703,$927.51
277470,Berkley Hillborne,"Bergnaum, Satterfield and Hudson",Elbertina Welbelove,Pastry - Apple Large,704,$344.45
791557,Cchaddie Fothergill,Beer-Goodwin,Neila Penner,Coffee - Egg Nog Capuccino,705,$686.75
538099,Kristian Webb-Bowen,Upton and Sons,Rasla Matasov,Daikon Radish,706,$284.60
851985,Calley Grishenkov,"Gottlieb, Emard and Rodriguez",Genevieve Kinmond,Wonton Wrappers,707,$328.81
889504,Livvyy Churn,"Mraz, Block and Stiedemann",Raddy Lettington,Sauce - Caesar Dressing,708,$184.71
551920,Boycie Cancellario,Wyman-Friesen,Tricia Puckett,Hot Choc Vending,709,$20.13
047218,Ladonna Scollan,Hayes and Sons,Roberto Box,Pork - Kidney,710,$203.07
925660,Gerick Scamadine,Gibson-Goyette,Quintin Ellcock,Tomatoes - Orange,711,$899.74
166029,Bertrando Neat,White Inc,Peirce Sorbie,Sachet,712,$485.18
008162,Darla Ferri,Jenkins and Sons,Brendon Wethey,"Gin - Gilbeys London, Dry",713,$439.08
681186,Ardisj Bourdon,Hermann-Stamm,Pauli Collidge,Creme De Menthe Green,714,$53.74
236283,Rozamond Tomczykiewicz,Ortiz-DuBuque,Amandie Honacker,Cheese - Brie Roitelet,715,$477.82
532985,Richard Lodevick,Walsh Group,Dudley Hawton,"Soup - Canadian Pea, Dry Mix",716,$123.17
987204,Elayne Reditt,Torp and Sons,Denice Atthow,"Sole - Dover, Whole, Fresh",717,$255.53
493330,Adrianna Sockell,Beier and Sons,Hercules Mawman,Muffin Puck Ww Carrot,718,$323.94
807293,Silvie Callander,Bergstrom Group,Shirline Penrose,"Nut - Chestnuts, Whole",719,$173.95
199457,Eldin Cerie,"Kirlin, Hand and Will",Godfrey Taylor,Table Cloth 62x120 White,720,$915.00
484334,Renie Likly,"Fay, Boyer and Hickle",Oswald Swigg,Table Cloth 54x72 White,721,$510.53
005335,Jeno Parnall,Hilll and Sons,Benyamin Phipson,Veal Inside - Provimi,722,$999.62
818346,Antonius Iltchev,Schamberger Inc,Tomasina Lidster,Beer - Sleemans Honey Brown,723,$717.10
911990,Giana Pencott,Frami-Schmidt,Allys Schubuser,Cake - Sheet Strawberry,724,$899.23
564524,Archibold Kmiec,Gleason-Stracke,Helge Hawksworth,Rootbeer,725,$758.95
367609,Alyson Fronzek,Bruen and Sons,Edwina Phillput,"Iced Tea - Lemon, 340ml",726,$713.81
539469,Nicky Measor,Pfeffer-Becker,Remington Patsall,Sloe Gin - Mcguinness,727,$817.03
297529,Inger Carroll,Kozey-Ankunding,Adele Burden,Pepper - Red Chili,728,$230.10
500585,Jackson Redwin,"Gerhold, Ankunding and Brekke",Cornelle Oliveras,Smoked Paprika,729,$324.26
679287,Bird McIlrath,"Rodriguez, Kuvalis and Ankunding",Myron Briars,Bread - Petit Baguette,730,$592.63
138394,Clareta Vigrass,Jacobi Group,Kennett Deshorts,Carbonated Water - Cherry,731,$683.78
241696,Hallie Donnan,Kirlin-Muller,Filippo Pollett,Veal - Insides Provini,732,$472.76
854785,Ami Rivalant,Collins-Fisher,Keene Ropp,Scrubbie - Scotchbrite Hand Pad,733,$102.83
489708,Dawn Gammon,"Bauch, Schmeler and McDermott",Leodora Allsup,"Shrimp - Baby, Warm Water",734,$606.27
093876,Doreen Edelheid,"Bins, O'Kon and Grant",Lilith Lidgate,"Beer - Alexander Kieths, Pale Ale",735,$138.33
589056,Currie Joynt,"Robel, Dietrich and Gulgowski",Mame Barmby,Chicken Breast Halal,736,$861.99
522386,Piper Woodison,Kris-Kuvalis,Prisca Congram,"Cheese - Brie, Cups 125g",737,$600.54
641723,Ferguson Calcraft,"Bode, Mraz and Armstrong",Les McGairl,Clam Nectar,738,$140.92
953324,Olimpia Meak,Hills Inc,Jada MacKey,"Beef - Chuck, Boneless",739,$663.12
953571,Shaun Gadie,West-Bosco,Carissa Varley,Venison - Racks Frenched,740,$558.62
179672,Jermaine Fairleigh,"Douglas, Kris and Goldner",Pasquale Louw,Extract - Lemon,741,$535.83
078801,Linnie Marrill,Dibbert-Bradtke,Patrick Andrini,Energy Drink,742,$995.01
611939,Sergeant Peirazzi,"Hilll, Greenfelder and Bernhard",Barney Tabrett,Beef - Striploin,743,$933.53
872212,Jamaal Handling,Hessel-Hoppe,Lebbie Preist,Appetizer - Escargot Puff,744,$499.20
191271,Leesa Whiting,Lubowitz-Armstrong,Marja Hanner,"Chicken - Diced, Cooked",745,$459.95
207457,Reginauld Birkhead,Deckow and Sons,Antonella McDavitt,Bread - Sour Sticks With Onion,746,$416.63
140550,Reg MacCaughan,"Muller, Hayes and Kerluke",Ursuline Meffen,Tofu - Soft,747,$298.77
657241,Britta Huby,Zieme and Sons,Junie Leal,"Veal - Leg, Provimi - 50 Lb Max",748,$825.38
175226,Edyth Domenichelli,Will-Hansen,Colin Eaglesham,Langers - Ruby Red Grapfruit,749,$105.09
207933,Merlina Stitfall,Rippin-Spinka,Oralie Ouslem,Tia Maria,750,$370.47
799008,Meggie Somerton,"Pacocha, Sauer and Cremin",Rochell Pitceathly,Chinese Foods - Chicken Wing,751,$37.92
628738,Sheilah Stiegers,Green-Abernathy,Phillipe Earwicker,"Lobster - Baby, Boiled",752,$313.49
233620,Fee Bointon,Senger and Sons,Rosemaria Astley,"Orange - Canned, Mandarin",753,$541.36
217417,Parrnell Bagguley,"Kling, Bailey and Pfannerstill",Jordana Habishaw,"Lemonade - Strawberry, 591 Ml",754,$72.39
744616,Farrell Olivier,Frami Inc,Maryellen Stoggell,"Beef - Bones, Cut - Up",755,$931.46
890917,Nev Rahl,Farrell Inc,Sullivan Durnan,Sprite - 355 Ml,756,$873.30
650810,Jaimie Beefon,Greenholt Group,Smith Lowmass,"Trout - Rainbow, Frozen",757,$999.24
355126,Jessie Summerly,Beahan LLC,Deana Karpov,Energy Drink Red Bull,758,$81.34
481144,Risa Dabinett,Hegmann-Flatley,Mannie Mc Ilory,Artichokes - Jerusalem,759,$412.46
565561,Jolene Awcock,Schoen Group,Janelle Tarply,"Veal - Brisket, Provimi,bnls",760,$574.79
502829,Ashil Windless,Hills-McCullough,Shana Frostdick,"Tart Shells - Savory, 4",761,$508.66
750660,Claudio Paprotny,Spencer LLC,Cass Wiltshaw,Lentils - Green Le Puy,762,$52.43
744285,Elwyn Timoney,Auer-Watsica,Salem Wornham,Jello - Assorted,763,$163.57
950545,Nita Albro,"Welch, Gerhold and Nolan",Lyle McKevitt,Chick Peas - Dried,764,$379.70
544731,Brendin Guillart,"Wuckert, Schmeler and Keebler",Francesca Bodocs,Shiro Miso,765,$384.39
541093,Tawsha Robbert,Lakin LLC,Sissy Grioli,"Juice - Tomato, 10 Oz",766,$814.04
512058,Wye Leemans,"Keebler, Erdman and Dach",Melesa Ellingsworth,Plate Foam Laminated 9in Blk,767,$439.51
448382,Kettie Manterfield,Bergnaum-Metz,Daphene Stedell,Sea Urchin,768,$690.56
565255,Valencia Vitler,Schmidt and Sons,Kliment Forseith,Flour - Whole Wheat,769,$273.58
718617,Aurea De Blasi,Kuphal-Miller,Kaile Higounet,Soup - Campbells Beef Noodle,770,$294.29
177061,Ambros Hingeley,"Schumm, Nienow and Williamson",Devora Vasyagin,Onions - Cooking,771,$850.07
199611,Inger Hubner,Kreiger Group,Aindrea Haldin,Compound - Pear,772,$49.80
399013,Vidovic Cohr,Frami-Torphy,Lexi Seiter,Ice Cream - Fudge Bars,773,$391.86
002120,Nicole Offiler,Schmidt LLC,Kerrie Budden,"Wine - Red, Marechal Foch",774,$707.59
160646,Aryn Glackin,"Lesch, Stiedemann and Barton",Wells Hukin,"Pork - Loin, Center Cut",775,$782.17
182607,Rriocard Greason,Crona-Wunsch,Laughton Daymond,Eggplant - Asian,776,$768.29
012425,Kimberly Garlee,Morar LLC,Konstantine Sadler,Pepper - Green,777,$263.15
662361,Chloette Gooderson,Trantow and Sons,Isa Vassman,Orange Roughy 4/6 Oz,778,$376.28
873471,Faustine Hegel,Homenick Group,Lockwood Ramet,Pastry - Chocolate Marble Tea,779,$835.89
349909,Jaine Salvadore,McKenzie-Monahan,Naomi Duffy,Pie Filling - Apple,780,$747.09
167438,Jermayne Machans,Gottlieb-Sauer,Florina Iwaszkiewicz,"Halibut - Whole, Fresh",781,$398.85
236673,Herman Blumfield,Frami-McDermott,Sampson Gommowe,Lettuce - Boston Bib,782,$751.27
040145,Deana Guiel,Deckow and Sons,Gerick Curnnok,Juice Peach Nectar,783,$242.06
385968,Marena Robun,"Gulgowski, Bergstrom and Gulgowski",Antony Bollard,Quail - Jumbo,784,$876.72
867931,Kent Earwicker,"Denesik, Roberts and Ortiz",Jasen Soanes,French Pastry - Mini Chocolate,785,$201.45
890630,Crista Storrier,Jerde-Murphy,Edik Mathieu,Tomato - Green,786,$104.75
124572,Marylinda Coatsworth,Hayes-Walsh,Jorey Grinham,Tofu - Soft,787,$485.33
367850,Guthry Gritton,"White, Smitham and Kuhic",Jackquelin Croix,Pepper - Gypsy Pepper,788,$427.74
031873,Miran Madge,Feest and Sons,Griffy Plail,Cranberries - Fresh,789,$537.63
304698,Marie-ann Yann,Anderson and Sons,Almira Carl,Creme De Cacao Mcguines,790,$537.10
903490,Ronald Bensusan,Pouros and Sons,Arlen de Leon,Kippers - Smoked,791,$154.07
040171,Crystal Hasser,Wyman-Walsh,Homerus Lambird,Vol Au Vents,792,$39.37
601786,Tawnya Sproul,"Cruickshank, Ruecker and Hessel",Owen Arnot,Coffee Caramel Biscotti,793,$952.66
114856,Brita Sandifer,"Price, Goldner and Spinka",Harmony Nurden,"Beef - Chuck, Boneless",794,$971.59
313166,Leonanie Pietron,Rodriguez Inc,Zoe Blinerman,Beer - Paulaner Hefeweisse,795,$159.92
992315,Genna Orable,Marquardt-Deckow,Arri Saltman,Beef - Inside Round,796,$479.83
210410,Elie Stockton,"Streich, Fahey and Sanford",Calypso Haining,"Veal - Insides, Grains",797,$713.24
624969,Nevile Varfolomeev,"Flatley, Schoen and Rau",Cobb Alyokhin,Pate - Peppercorn,798,$358.15
693097,Rita Orring,Grady-Bode,Minni Malicki,"Chilli Paste, Hot Sambal Oelek",799,$548.91
215905,Stu Griffiths,"Mann, Schumm and Wolff",Vallie Grunguer,Seedlings - Clamshell,800,$244.65
150665,Gustaf Lindro,Goyette Group,Gerrard Watling,Olives - Nicoise,801,$970.50
027759,Oswald Ivison,Crona-Champlin,Keith Novelli,"Tart Shells - Sweet, 2",802,$453.87
393341,Janos Heymes,Fritsch-Herman,Dale Farland,Crab - Meat,803,$806.80
966114,Geri Kewish,"Blick, Nolan and Stroman",Melisenda Ellen,"Bread - Crumbs, Bulk",804,$82.62
860752,Susanne Fawltey,Runolfsdottir-Hammes,Raoul Cheek,"Pasta - Fettuccine, Dry",805,$70.57
189674,Dunn Kruse,"MacGyver, Howell and Barrows",Kele Glencorse,Pepper - Chili Powder,806,$58.21
580080,Nealon Halt,Nicolas-Mills,Luci Paschke,Lettuce - Lambs Mash,807,$387.51
207849,Briggs Sinkings,"O'Keefe, Hansen and Satterfield",Aigneis Sandwith,"Pail - 15l White, With Handle",808,$404.44
885192,Maisey Colclough,Gusikowski and Sons,Evangeline Tuiller,Pepper - Yellow Bell,809,$811.07
806616,Mayor Pickerill,"Smith, Towne and Grant",Beverlee Rupert,Vinegar - Raspberry,810,$467.17
143640,Yurik Paddeley,"Murphy, Larkin and Morissette",Bessie Crosdill,Mcguinness - Blue Curacao,811,$188.11
323045,Josey MacGuigan,Kuhic-Homenick,Fabiano Kyston,Cheese - Mozzarella,812,$660.46
415678,Wilden Cullinan,Willms-Gusikowski,Deanna Samwyse,Table Cloth 54x54 White,813,$954.18
386106,Stavro Burnsell,Gaylord-Rolfson,Jermaine Warne,Capers - Ox Eye Daisy,814,$104.88
090888,Arleyne Kall,Kuhn LLC,Lindsay Wolfer,"Beans - Kidney, Canned",815,$720.26
173035,Teador Antram,Beatty-Jerde,Irwinn Jutson,Lettuce - Red Leaf,816,$304.03
748571,Ingeborg Auld,"Sauer, Gutmann and Champlin",Ximenez Clempton,Ecolab - Solid Fusion,817,$193.63
134473,Shirline Wile,Heidenreich LLC,Golda Whordley,Wine - Ruffino Chianti,818,$637.69
814403,Melanie Perri,"Adams, Hegmann and Shanahan",Irvine Kenrick,Wine - Jackson Triggs Okonagan,819,$292.47
881899,Charmane Guillot,Kessler-Cronin,Ricardo Ceillier,Beets - Pickled,820,$413.48
144807,Annora Elsy,Conroy-Blanda,Dacy Lorenzo,Vaccum Bag - 14x20,821,$48.91
073430,Collete Inkster,Erdman-Maggio,Jarrett Trencher,Lettuce - Green Leaf,822,$926.75
112814,Bliss Bassford,Quitzon Inc,Ernestus Sutheran,Pasta - Fusili Tri - Coloured,823,$541.63
068125,Eddie Harriman,Schuppe-Leannon,Jo Trytsman,Broom And Brush Rack Black,824,$422.23
703931,Wendel Sides,"Price, Koepp and Gaylord",Arlena Annell,Langers - Cranberry Cocktail,825,$370.19
629004,Brett Serle,Wyman Inc,Simonette Eaddy,Cake - Miini Cheesecake Cherry,826,$790.14
896405,Clementius Shillingford,"Bahringer, Orn and Gusikowski",Katrine Pudsey,Dawn Professionl Pot And Pan,827,$639.27
112006,Teresina Tredgold,"Jast, Rau and Dicki",Raeann Schukraft,Artichokes - Jerusalem,828,$979.22
647900,Fax De Meyer,"Smitham, Kozey and Von",Germaine Nuscha,Spice - Onion Powder Granulated,829,$743.37
936220,Elfrida Feeny,Pfannerstill and Sons,Agneta Marquez,Wine - Rosso Del Veronese Igt,830,$550.06
606476,Gabriella Caney,"Kuhlman, Donnelly and Oberbrunner",Wayne Shale,External Supplier,831,$108.32
847458,Carmella Wiggans,Stiedemann Group,Lucinda Boatman,"Bread - Rolls, Rye",832,$90.92
979252,Linoel Ecclesall,Pollich-Douglas,Cary Bemrose,Snails - Large Canned,833,$28.74
839605,Clemmy Harriot,"Crist, Wisoky and O'Keefe",Rozalie McIlmorow,Nantucket - Carrot Orange,834,$163.72
208281,Ashlin Threadkell,"Lockman, Stoltenberg and Ondricka",Faun Romain,Squid - U - 10 Thailand,835,$682.54
024591,Kerstin Houlison,Wehner-Collier,Tremaine Moreno,"Juice - Apple, 341 Ml",836,$432.83
195409,Sula Oade,Bins-Cartwright,Kara Janosevic,Mace,837,$523.73
241179,Melisse Llorente,"Cartwright, Hauck and Luettgen",Chickie Sweatland,Herb Du Provence - Primerba,838,$612.93
475424,Hermie Greenway,Greenholt-Anderson,Beaufort Foro,"Sole - Dover, Whole, Fresh",839,$50.63
912622,Shannen Wytchard,Durgan-Dach,Javier Baterip,"Pepper - Green, Chili",840,$636.79
254377,Ebony Lambdean,Daniel LLC,Andi Siemandl,"Wine - Red, Mouton Cadet",841,$751.20
482764,Valencia Dopson,Wilkinson and Sons,Paule Carhart,"Tomatoes - Plum, Canned",842,$409.98
178261,Aggy Mitchinson,Gulgowski LLC,Jacklyn Birrell,Dill Weed - Dry,843,$298.65
358973,Roanna Maryan,Mitchell-Grady,Ronny Midden,Tea - Earl Grey,844,$364.69
731419,Kinnie Clausner,Schaden-Monahan,Evangelia Bourbon,Foil - 4oz Custard Cup,845,$994.90
344158,Tori Pinchen,Bruen Group,Mick Hellis,Lid Coffee Cup 8oz Blk,846,$956.19
307658,Arnoldo Siddons,Abernathy and Sons,Amby Scallon,Wine - Touraine Azay - Le - Rideau,847,$340.63
251162,Annabal Mac Giolla Pheadair,Donnelly LLC,Artemis Allcoat,Pail For Lid 1537,848,$764.96
142071,Antony Knapman,Miller Inc,Cordy Santi,Pears - Bosc,849,$699.52
471196,Daveta Southan,Koss Inc,Anstice Quan,Pop - Club Soda Can,850,$62.16
510192,Evvie Jeanes,"Kerluke, DuBuque and Zboncak",Mireille Tokley,Beer - Upper Canada Light,851,$761.93
295707,Gabriel Lakeland,Goldner-Hickle,Johan Iscowitz,Tomato - Green,852,$433.30
539914,Konrad Strood,Halvorson-Hansen,Clementina Do,Arrowroot,853,$360.17
807680,Wilbur Hindmore,Kuphal Inc,Weston Bothbie,Haggis,854,$925.57
627064,Sven Parkman,Wilkinson and Sons,Guido Leeman,"Wine - Red, Metus Rose",855,$105.29
199176,Mala Strathdee,"Hartmann, Kunze and Kemmer",Shelby Dybell,Wheat - Soft Kernal Of Wheat,856,$383.35
144925,Husein Goldbourn,Hand Group,Urbano Gebhardt,Bread Base - Italian,857,$733.91
609836,Austin Gert,Quigley-Abernathy,Edyth Filipchikov,Pepper - Yellow Bell,858,$378.52
597150,Lizbeth Cogar,"Fritsch, Goodwin and McLaughlin",Tonye Vouls,Cognac - Courvaisier,859,$438.71
274740,Natalya Tookey,Dietrich LLC,Arlana Syrie,Pork - Backfat,860,$228.52
726672,Troy Lamb-shine,Ortiz and Sons,Yovonnda Garretts,"Leeks - Baby, White",861,$89.50
226603,Deloris Whayman,Reynolds LLC,Devlen Castanie,Sauce - Marinara,862,$311.76
434257,Odette Pehrsson,Senger LLC,Alexis Landrieu,Glass Clear 8 Oz,863,$721.53
335131,Pavla Matthewman,"Graham, Ward and Johnson",Marjie Mattecot,Wine - Trimbach Pinot Blanc,864,$194.75
185714,Glenn List,"O'Reilly, Walter and Kuhn",Rutger Carp,Beef Flat Iron Steak,865,$782.55
923571,Waring Lambdean,"Corwin, Gleichner and Kessler",Brynna Rubrow,Tea - Herbal Orange Spice,866,$248.39
209719,April Carik,Wintheiser-Kub,Bartolomeo Tabb,Shrimp - 31/40,867,$542.42
683205,Lucina Cotgrave,Kuhic-Ullrich,Ash Ziemke,"Cheese - Cheddar, Old White",868,$239.19
420951,Aylmer Antosik,McGlynn LLC,Johnny Bienvenu,Smoked Tongue,869,$717.89
980055,Si Fetherston,Bruen-Bosco,Hedvige Pitway,Chicken - Whole,870,$187.97
742477,Aurthur Bellam,Reinger Group,Conn Roland,Juice - Apple 284ml,871,$250.60
697500,Allis Hirche,"Crooks, Boyer and Daniel",Abdul Strathern,Pail With Metal Handle 16l White,872,$389.61
701578,Daisi Danielovitch,Wiza-Rempel,Harriette Byrde,Pail For Lid 1537,873,$311.67
693930,Jaymee Ralston,Kerluke-Erdman,Olly Innocent,Blackberries,874,$707.32
173948,Gideon Hawkswell,Erdman Inc,Trixi Presnall,Rabbit - Saddles,875,$166.30
979686,Augie Coulthart,"Schiller, Heaney and Grimes",Ryley Swainson,Chickhen - Chicken Phyllo,876,$256.63
017179,Edithe Suggey,Ortiz Inc,Lenee Vokins,Zucchini - Green,877,$404.45
261832,Keir Wisam,Kohler-Feest,Almire Costerd,Cheese - Cottage Cheese,878,$545.51
990257,Manny Brosetti,Kuphal LLC,Vivi Drogan,Cookies Cereal Nut,879,$248.15
885305,Michel Jandel,Champlin and Sons,Valentine Guitton,Wine - Chianti Classico Riserva,880,$564.87
046064,Codee Armitt,Jacobi-Littel,Doy Wisher,Mushroom - Crimini,881,$290.60
959404,Alexia MacPadene,"Bruen, Swaniawski and Little",Bartholemy Lindemann,Banana,882,$655.76
231185,Ernst Musselwhite,"Pfeffer, Yundt and Wuckert",Thelma Tarry,Brandy - Bar,883,$141.06
070966,Verney Hooban,Goldner and Sons,Raf Marzellano,Ice Cream - Strawberry,884,$682.68
958398,Costa Whytock,Shields-Veum,Daveen Lovstrom,Fennel - Seeds,885,$688.14
445766,Matteo Hallgarth,Spencer Inc,Jackqueline Draisey,Beer - Camerons Auburn,886,$870.34
829182,Shanie Formie,Bernier-Gusikowski,Emlyn Vannozzii,Cheese - Le Cru Du Clocher,887,$981.25
330336,Eamon Jeyness,Howe LLC,Corine Westfalen,"Soup - Knorr, Chicken Gumbo",888,$311.15
182621,Willi Serrels,"Hirthe, Weimann and Jakubowski",Tye Henriksson,Ecolab - Power Fusion,889,$35.58
676657,Artie Hardy,Witting LLC,Etienne Quartly,Lamb - Shoulder,890,$80.12
239888,Fernande Van Oort,Macejkovic Inc,Traver McGee,"Basil - Primerba, Paste",891,$643.35
459962,Rebekkah Greatbach,"Goldner, Greenfelder and Hilpert",Tiphany Basley,"Rum - Light, Captain Morgan",892,$607.81
312661,Anna-maria Slessar,"Kuhn, Lesch and Turcotte",Caitlin Halm,Tamarind Paste,893,$398.09
125517,Gratiana Iannelli,Gutmann and Sons,Jarvis Bolle,Cinnamon Buns Sticky,894,$541.85
776888,Luella Askham,Crooks LLC,Nils Fleming,Cactus Pads,895,$611.06
922800,Pattin Waulker,Rempel-Ritchie,Cayla Blaxley,Dill Weed - Fresh,896,$250.94
749719,Vinny Frankis,Hyatt-Rolfson,Ned Lynch,Pear - Prickly,897,$416.36
023556,Jackie Verrillo,Rempel Inc,Drugi Gwillym,Cream Of Tartar,898,$986.70
770034,Henri Tander,"Ernser, Herman and Johnson",Cymbre Clemmens,Bandage - Flexible Neon,899,$323.87
452788,Dewain Haig,Hagenes-Kemmer,Gunther Ernshaw,Beer - Blue,900,$858.56
600857,Valentino Whorf,"Runolfsson, Stroman and Lehner",Dedra Jaimez,Pastry - Lemon Danish - Mini,901,$746.47
267359,Willi Isworth,Halvorson-Kshlerin,Rennie Tippetts,Ecolab - Hand Soap Form Antibac,902,$31.55
403415,Dreddy Llorens,"Funk, Kutch and Jacobs",Reggie Regnard,Bacardi Breezer - Strawberry,903,$568.97
235880,Laina Saw,Dietrich-Ferry,Nancee Andrasch,Cake - French Pear Tart,904,$574.43
571697,Lesya Lyenyng,Raynor-Von,Collen Weatherdon,Paste - Black Olive,905,$100.73
988950,Alonso Cowp,Langosh Inc,Prescott Constantine,Beets - Pickled,906,$642.78
826987,Darci Bonifazio,"Krajcik, Kiehn and Hyatt",Joey Scalera,Bread - Rosemary Focaccia,907,$964.11
381481,Janeczka Elliston,Larson Group,Jessica Halleday,"Turnip - White, Organic",908,$479.43
695259,Florance Swanwick,Lockman-Lesch,Garek Cicullo,Pie Box - Cello Window 2.5,909,$460.23
072610,Jemmie Colliber,Turcotte Inc,Zared Kilgrove,Piping Jelly - All Colours,910,$762.97
635624,Shani Broadstock,Gusikowski-Greenfelder,Iorgos Knolles-Green,"Pepsi, 355 Ml",911,$813.59
242006,Aretha Furmonger,"Robel, Sanford and Heaney",Jamill Gioan,Honey - Lavender,912,$237.12
877698,Marjory Choffin,Daugherty LLC,Emlynn Mayling,Kohlrabi,913,$881.42
967603,Dominic Flatman,"Gusikowski, Kirlin and Fay",Kristin Marriot,Butter - Salted,914,$438.19
149104,Dorita Husby,Pfeffer and Sons,Lonnie Muscott,Wine - Alsace Gewurztraminer,915,$366.92
181927,Martynne Dunstall,Breitenberg Group,Sergeant Baybutt,Container Clear 8 Oz,916,$461.38
907419,Kinna Tantum,Watsica LLC,Ursola Battista,Paste - Black Olive,917,$343.74
624170,Katine Croughan,Von Group,Courtney Lumbly,"Mustard - Dry, Powder",918,$631.55
486816,Adelaida Ovitz,Boyle-Gibson,Lena Weiner,"Nut - Walnut, Chopped",919,$392.44
897067,Amara Stradling,Kshlerin LLC,Ritchie Karleman,Dome Lid Clear P92008h,920,$829.00
659854,Aile Jonuzi,"Batz, Brakus and Gleason",Celinka Shackleford,Muffin - Carrot Individual Wrap,921,$408.90
552261,Carolan Dineges,"Dare, Rodriguez and King",Rickey Koppes,Cup - Translucent 7 Oz Clear,922,$651.82
549211,Clem Olanda,"Abbott, Beer and Wisozk",Damiano Lambdon,Ice Cream Bar - Oreo Cone,923,$541.42
265947,Mead Jorgensen,Ratke LLC,Caril Ruthen,Wine - Chianti Classica Docg,924,$948.48
781991,Josy Gosnall,Armstrong Inc,Jeana McNysche,Oil - Canola,925,$48.61
258807,Misti Josey,"Waelchi, Kiehn and Bednar",Matt Epps,Cheese - Cream Cheese,926,$885.05
571323,Almira Scola,Funk LLC,Addison Tweedy,Sage Ground Wiberg,927,$910.96
815848,Esme Izod,Hoppe-Bogisich,Edie O'Kane,Lettuce - Treviso,928,$404.47
684350,Arnaldo Rodda,"Kuhic, Carter and Conn",Lilas O'Neary,Wine - Gato Negro Cabernet,929,$970.99
990359,Silvia Hamflett,"Shanahan, Robel and Barrows",Vaughn Fearby,Compound - Pear,930,$823.71
102576,Guillaume Hansie,Kovacek and Sons,Nissie Clemencon,Shrimp - Black Tiger 26/30,931,$209.54
051603,Maryann Burbage,Lubowitz-Fritsch,Loy Fairney,"Shrimp - Baby, Warm Water",932,$750.38
803690,Catie Coverley,MacGyver Inc,Kathleen Lambdon,"Wine - Red, Colio Cabernet",933,$212.24
147611,Budd Karel,Goyette and Sons,Richy Mulliner,Beer - Camerons Cream Ale,934,$204.50
576475,Vernen Garrand,"Osinski, Davis and Herzog",Ainslie Berfoot,Pork - Sausage Casing,935,$211.03
199045,Arley Lucia,Ziemann LLC,Gustaf McCaw,Lettuce Romaine Chopped,936,$570.66
634954,Mata Mcsarry,Becker-Crona,Carlin Chaffyn,Beef - Top Sirloin - Aaa,937,$30.19
188916,Arabela Goodburn,Walsh and Sons,Hyatt Ragat,"Gin - Gilbeys London, Dry",938,$481.97
982745,Brenden Delong,Bartoletti Group,Angela Jiri,Alize Sunset,939,$880.15
225837,Elton Streeting,Lowe LLC,Jaquenetta Nobles,Alize Gold Passion,940,$464.63
225536,Dory Mehmet,Jacobs-Marks,Priscilla Jeaffreson,Chinese Foods - Pepper Beef,941,$62.76
688127,Karola Rubinsaft,"Marvin, Boyer and McKenzie",Selma Gurnett,Mushroom - King Eryingii,942,$489.35
879956,Margarete Stennet,"Erdman, Turner and Conroy",Reggis Guerreiro,Table Cloth 62x120 White,943,$915.72
979981,Rachelle Segar,Sanford LLC,Bank Basey,Tart - Raisin And Pecan,944,$727.37
540543,Ramsay Shyres,"Hermiston, Barton and Leuschke",Giacinta Vaskov,Ham - Procutinni,945,$534.32
755518,Dalt Dombrell,Kuphal LLC,Stavros Bartholomew,Cake - Mini Cheesecake,946,$137.83
649310,Biddie MacWilliam,Yost-Harris,Aindrea Olenikov,Spinach - Frozen,947,$725.31
366639,Ximenez Cabell,Boehm-Haag,Orlan Dulen,Orange - Tangerine,948,$556.42
797946,Ara Glavin,"Denesik, Auer and Lockman",Gunter Punt,V8 Pet,949,$64.13
048762,Basil Blinman,Turcotte LLC,Camile Forrester,Cattail Hearts,950,$458.19
626895,Guillermo Imlen,"Ratke, Flatley and Steuber",Tommi Tester,Wine - Pinot Grigio Collavini,951,$333.67
103746,Christi Rodgman,Sanford-Padberg,Stacee Meadus,Flour - Masa De Harina Mexican,952,$172.44
564646,Ericka Beeze,Ziemann-Raynor,Nora Handrock,Oil - Sesame,953,$650.56
617511,Norean Fibbens,Ortiz LLC,Cherie Bryant,Mousse - Passion Fruit,954,$588.17
391066,Roger Rennison,Schmeler-Lind,Emmi Sloat,Cheese - Colby,955,$95.54
856000,Patricia Tulip,Parisian-Pollich,Lombard Wedlake,V8 - Berry Blend,956,$426.47
266732,Fidela La Rosa,Fadel LLC,Juieta Vidyapin,Eggs - Extra Large,957,$871.12
119504,Alfred Jerram,Jerde-Bernier,Angeli Daventry,Bread Sour Rolls,958,$814.19
721323,Howard Peedell,Thompson-Huels,Dewie Farny,Beef - Diced,959,$609.74
419434,Mandel Gentil,Reynolds-Greenholt,Bart McNair,Soup - Campbells - Tomato,960,$546.44
139106,Lennie Barbery,Pouros-Ritchie,Anallise Furlong,Passion Fruit,961,$963.86
815105,Tadeas Hatley,"Rohan, Ziemann and Yost",Kenny Lear,Lobster - Cooked,962,$114.97
341163,Vittoria Gilby,"Schulist, Boyle and Watsica",Valerye Bramont,"Coke - Classic, 355 Ml",963,$130.10
791536,Arny Baniard,Nienow LLC,Maxim Elvish,Towels - Paper / Kraft,964,$177.73
699824,Winonah Rotherham,Ullrich-Boehm,Zack Kays,Clams - Canned,965,$814.66
815739,Lorne Gillis,Collier and Sons,Pincas Deyes,Beef - Tender Tips,966,$490.95
982900,Briant Chainey,Hamill-Ortiz,Donnie Island,Ginger - Ground,967,$473.62
096949,Slade Earwicker,"Bashirian, Beier and Ortiz",Alicia Scupham,Pail With Metal Handle 16l White,968,$804.66
676183,Sherwood Aubert,Rowe Group,Isadora Ollie,"Cheese - Cheddar, Medium",969,$15.89
980610,Wilden Teesdale,"Torphy, Jacobi and Flatley",Alli Drache,Arizona - Green Tea,970,$126.73
942317,Margi Witton,"Emmerich, Olson and Spinka",Arni Whyke,Pork - Sausage Casing,971,$996.70
708228,Ruth MacTimpany,Huels LLC,Jermaine Keasey,Wine - Black Tower Qr,972,$526.52
202070,Mavra Stitson,Leannon and Sons,Stacee Crier,Mint - Fresh,973,$855.27
115490,Mina Densey,Hoppe-O'Keefe,Jehanna Smart,Mushroom - Crimini,974,$174.25
007778,Marnia Salatino,"Grant, Effertz and Dibbert",Gerome Swinney,Banana - Green,975,$627.22
147939,Nevil Parman,Kuhn-Grant,Farlee Ferneley,Lettuce - Curly Endive,976,$598.80
019172,Hillard Becarra,"Bartell, Turcotte and Metz",Mikol Airdrie,"Wine - Red, Metus Rose",977,$79.33
308815,Hy Baggaley,Botsford-Wolf,Diannne Malins,Sage - Rubbed,978,$675.59
179199,Eddi McGarrell,Braun-Vandervort,Alisander Boreland,"Yogurt - Cherry, 175 Gr",979,$93.21
682198,Aeriell Rubra,Kuhlman LLC,Darlleen Mc Meekin,Wine - Rioja Campo Viejo,980,$23.53
464074,Dina Breakwell,"Armstrong, Yost and Medhurst",Krispin Brastead,Soup - Campbells Chicken,981,$40.32
871805,Dotty Ship,"Kunde, Miller and Batz",Hilliary Ilymanov,Chips Potato Salt Vinegar 43g,982,$319.68
179825,Francoise Blackman,Jaskolski Group,Rafaellle McMennum,Appetizer - Veg Assortment,983,$476.55
499470,Terza Dymock,Ruecker and Sons,Raynell Rault,"Iced Tea - Lemon, 340ml",984,$469.29
523969,Johnny Charke,"Keebler, Funk and Breitenberg",Zerk Oldroyde,"Doilies - 5, Paper",985,$579.44
008105,Jacynth Storr,Kuhic-Leffler,Patrice Purkess,Veal - Liver,986,$101.52
571567,Gonzales Stenett,Ortiz-Boyle,Cullan Aiers,Truffle Cups - White Paper,987,$876.50
337590,Lynn Piggin,"Mann, Reichert and Gaylord",Ferne Vinton,Lettuce Romaine Chopped,988,$957.55
222251,Basil Bramwell,Runte Group,Garek Ovett,Island Oasis - Strawberry,989,$377.17
839843,Carolyne Weatherhogg,"Bechtelar, Yundt and Gulgowski",Jerrie Ricciardiello,"Yogurt - Raspberry, 175 Gr",990,$839.94
567266,Willamina Habin,"Altenwerth, Daugherty and Runolfsson",Frederik Haston,Jolt Cola - Electric Blue,991,$48.53
391026,Alyosha Crace,Kunde-Schamberger,Burlie Loidl,Lamb - Shanks,992,$937.50
046956,Tessa Evitts,"Bahringer, Armstrong and Kuphal",Simmonds Furnell,Mcgillicuddy Vanilla Schnap,993,$824.62
416122,Edmund Stapford,Bechtelar and Sons,Nevin Stiant,Bagelers - Cinn / Brown Sugar,994,$836.78
449881,Rhody Cove,"Weber, Beer and Waelchi",Kay MacFadden,Cake - Lemon Chiffon,995,$399.14
118382,Romola Moreby,"Reinger, Waelchi and Crooks",Tibold Ebbins,Tea - Vanilla Chai,996,$181.97
811513,Fraze Crim,"Collins, Toy and Heller",Melitta Brill,Juice - Orange 1.89l,997,$0.22
948388,Garry Izhakov,"Pagac, Kemmer and Casper",Zelda Moine,Milk 2% 500 Ml,998,$534.36
678785,Ev Queripel,Hayes-Osinski,Beatriz Leavesley,"Crush - Orange, 355ml",999,$648.78
304314,Buiron Baddeley,Crist-Hauck,Anselma Izkovicz,Roe - Flying Fish,1000,$123.91
